userId,artworkId,emotion,Polarity
6,5772700eedc2cb3880bc82ce,trust,positive
20,5772700eedc2cb3880bc82ce,fear,negative
20,5772700eedc2cb3880bc82ce,sadness,negative
73,5772700eedc2cb3880bc82ce,sadness,negative
3,5772700eedc2cb3880bc82ce,fear,negative
33,5772700eedc2cb3880bc82ce,fear,negative
33,5772700eedc2cb3880bc82ce,regret,negative
33,5772700eedc2cb3880bc82ce,sadness,negative
72,5772700eedc2cb3880bc82ce,trust,positive
114,5772700eedc2cb3880bc82ce,fear,negative
114,5772700eedc2cb3880bc82ce,shame,negative
162,5772700eedc2cb3880bc82ce,trust,positive
162,5772700eedc2cb3880bc82ce,shame,negative
27,5772700eedc2cb3880bc82ce,humility,positive
27,5772700eedc2cb3880bc82ce,fear,negative
27,5772700eedc2cb3880bc82ce,sadness,negative
135,5772700eedc2cb3880bc82ce,sadness,negative
194,5772700eedc2cb3880bc82ce,trust,positive
194,5772700eedc2cb3880bc82ce,gratitude,positive
7,5772700eedc2cb3880bc82ce,anticipation,mixed
116,5772700eedc2cb3880bc82ce,pessimism,negative
116,5772700eedc2cb3880bc82ce,sadness,negative
22,5772700eedc2cb3880bc82ce,anger,negative
1,5772700eedc2cb3880bc82ce,anticipation,mixed
1,5772700eedc2cb3880bc82ce,surprise,mixed
141,5772700eedc2cb3880bc82ce,fear,negative
56,57726e34edc2cb3880b62340,trust,positive
37,57726e34edc2cb3880b62340,trust,positive
37,57726e34edc2cb3880b62340,gratitude,positive
37,57726e34edc2cb3880b62340,humility,positive
37,57726e34edc2cb3880b62340,happiness,positive
11,57726e34edc2cb3880b62340,trust,positive
11,57726e34edc2cb3880b62340,regret,negative
11,57726e34edc2cb3880b62340,anticipation,mixed
5,57726e34edc2cb3880b62340,love,positive
5,57726e34edc2cb3880b62340,optimism,positive
46,57726e34edc2cb3880b62340,happiness,positive
81,57726e34edc2cb3880b62340,humility,positive
81,57726e34edc2cb3880b62340,happiness,positive
81,57726e34edc2cb3880b62340,love,positive
81,57726e34edc2cb3880b62340,optimism,positive
15,57726e34edc2cb3880b62340,trust,positive
15,57726e34edc2cb3880b62340,gratitude,positive
15,57726e34edc2cb3880b62340,humility,positive
7,57726e34edc2cb3880b62340,love,positive
171,57726e34edc2cb3880b62340,humility,positive
171,57726e34edc2cb3880b62340,sadness,negative
199,57726e34edc2cb3880b62340,humility,positive
199,57726e34edc2cb3880b62340,love,positive
11,57726e45edc2cb3880b69781,fear,negative
11,57726e45edc2cb3880b69781,pessimism,negative
11,57726e45edc2cb3880b69781,sadness,negative
18,57726e45edc2cb3880b69781,fear,negative
149,57726e45edc2cb3880b69781,anger,negative
149,57726e45edc2cb3880b69781,disgust,negative
149,57726e45edc2cb3880b69781,fear,negative
149,57726e45edc2cb3880b69781,regret,negative
149,57726e45edc2cb3880b69781,shame,negative
13,57726e45edc2cb3880b69781,disagreeableness,mixed
140,57726e45edc2cb3880b69781,disagreeableness,mixed
44,57726e45edc2cb3880b69781,fear,negative
44,57726e45edc2cb3880b69781,pessimism,negative
44,57726e45edc2cb3880b69781,regret,negative
44,57726e45edc2cb3880b69781,sadness,negative
15,57726e45edc2cb3880b69781,fear,negative
15,57726e45edc2cb3880b69781,pessimism,negative
15,57726e45edc2cb3880b69781,sadness,negative
15,57726e45edc2cb3880b69781,shame,negative
20,57726e45edc2cb3880b69781,fear,negative
20,57726e45edc2cb3880b69781,sadness,negative
16,57726e45edc2cb3880b69781,anger,negative
16,57726e45edc2cb3880b69781,disagreeableness,mixed
4,57726e45edc2cb3880b69781,sadness,negative
48,57726e45edc2cb3880b69781,fear,negative
56,57727d5cedc2cb3880e751a0,trust,positive
94,57727d5cedc2cb3880e751a0,happiness,positive
43,57727d5cedc2cb3880e751a0,trust,positive
104,57727d5cedc2cb3880e751a0,trust,positive
104,57727d5cedc2cb3880e751a0,happiness,positive
104,57727d5cedc2cb3880e751a0,sadness,negative
171,57727d5cedc2cb3880e751a0,shyness,mixed
7,57727d5cedc2cb3880e751a0,regret,negative
149,57727d5cedc2cb3880e751a0,trust,positive
149,57727d5cedc2cb3880e751a0,humility,positive
149,57727d5cedc2cb3880e751a0,happiness,positive
149,57727d5cedc2cb3880e751a0,optimism,positive
91,57727d5cedc2cb3880e751a0,trust,positive
91,57727d5cedc2cb3880e751a0,agreeableness,mixed
50,57727d5cedc2cb3880e751a0,humility,positive
55,57727d5cedc2cb3880e751a0,trust,positive
55,57727d5cedc2cb3880e751a0,happiness,positive
6,577278d5edc2cb3880d94196,trust,positive
1,577278d5edc2cb3880d94196,fear,negative
66,577278d5edc2cb3880d94196,anticipation,mixed
66,577278d5edc2cb3880d94196,surprise,mixed
4,577278d5edc2cb3880d94196,optimism,positive
4,577278d5edc2cb3880d94196,sadness,negative
3,577278d5edc2cb3880d94196,trust,positive
3,577278d5edc2cb3880d94196,disgust,negative
3,577278d5edc2cb3880d94196,fear,negative
8,577278d5edc2cb3880d94196,trust,positive
8,577278d5edc2cb3880d94196,gratitude,positive
8,577278d5edc2cb3880d94196,love,positive
8,577278d5edc2cb3880d94196,fear,negative
8,577278d5edc2cb3880d94196,pessimism,negative
8,577278d5edc2cb3880d94196,anticipation,mixed
8,577278d5edc2cb3880d94196,surprise,mixed
33,577278d5edc2cb3880d94196,disgust,negative
33,577278d5edc2cb3880d94196,fear,negative
33,577278d5edc2cb3880d94196,sadness,negative
46,577278d5edc2cb3880d94196,happiness,positive
46,577278d5edc2cb3880d94196,optimism,positive
46,577278d5edc2cb3880d94196,anger,negative
46,577278d5edc2cb3880d94196,arrogance,negative
46,577278d5edc2cb3880d94196,pessimism,negative
46,577278d5edc2cb3880d94196,sadness,negative
49,577278d5edc2cb3880d94196,disgust,negative
49,577278d5edc2cb3880d94196,shame,negative
153,577278d5edc2cb3880d94196,anger,negative
15,57726f49edc2cb3880ba034f,fear,negative
15,57726f49edc2cb3880ba034f,sadness,negative
15,57726f49edc2cb3880ba034f,shame,negative
11,57726f49edc2cb3880ba034f,anger,negative
11,57726f49edc2cb3880ba034f,disgust,negative
11,57726f49edc2cb3880ba034f,fear,negative
11,57726f49edc2cb3880ba034f,regret,negative
11,57726f49edc2cb3880ba034f,sadness,negative
109,57726f49edc2cb3880ba034f,shame,negative
50,57726f49edc2cb3880ba034f,disgust,negative
50,57726f49edc2cb3880ba034f,disagreeableness,mixed
79,57726f49edc2cb3880ba034f,anger,negative
79,57726f49edc2cb3880ba034f,disgust,negative
79,57726f49edc2cb3880ba034f,sadness,negative
79,57726f49edc2cb3880ba034f,shame,negative
79,57726f49edc2cb3880ba034f,disagreeableness,mixed
26,57726f49edc2cb3880ba034f,anger,negative
26,57726f49edc2cb3880ba034f,arrogance,negative
103,57726f49edc2cb3880ba034f,anger,negative
103,57726f49edc2cb3880ba034f,disgust,negative
103,57726f49edc2cb3880ba034f,fear,negative
103,57726f49edc2cb3880ba034f,regret,negative
171,57726f49edc2cb3880ba034f,anger,negative
171,57726f49edc2cb3880ba034f,fear,negative
84,57726f49edc2cb3880ba034f,anger,negative
84,57726f49edc2cb3880ba034f,fear,negative
84,57726f49edc2cb3880ba034f,sadness,negative
98,57726f49edc2cb3880ba034f,fear,negative
98,57726f49edc2cb3880ba034f,sadness,negative
6,5772752eedc2cb3880cd9f38,trust,positive
6,5772752eedc2cb3880cd9f38,humility,positive
6,5772752eedc2cb3880cd9f38,happiness,positive
6,5772752eedc2cb3880cd9f38,optimism,positive
20,5772752eedc2cb3880cd9f38,trust,positive
7,5772752eedc2cb3880cd9f38,shame,negative
114,5772752eedc2cb3880cd9f38,gratitude,positive
154,5772752eedc2cb3880cd9f38,disagreeableness,mixed
109,5772752eedc2cb3880cd9f38,anticipation,mixed
151,5772752eedc2cb3880cd9f38,trust,positive
151,5772752eedc2cb3880cd9f38,optimism,positive
151,5772752eedc2cb3880cd9f38,arrogance,negative
151,5772752eedc2cb3880cd9f38,anticipation,mixed
3,5772752eedc2cb3880cd9f38,trust,positive
3,5772752eedc2cb3880cd9f38,happiness,positive
205,5772752eedc2cb3880cd9f38,gratitude,positive
19,5772752eedc2cb3880cd9f38,gratitude,positive
67,5772752eedc2cb3880cd9f38,trust,positive
67,5772752eedc2cb3880cd9f38,gratitude,positive
67,5772752eedc2cb3880cd9f38,humility,positive
67,5772752eedc2cb3880cd9f38,disgust,negative
67,5772752eedc2cb3880cd9f38,regret,negative
67,5772752eedc2cb3880cd9f38,shame,negative
67,5772752eedc2cb3880cd9f38,anticipation,mixed
67,5772752eedc2cb3880cd9f38,surprise,mixed
29,5772752eedc2cb3880cd9f38,fear,negative
20,57727c95edc2cb3880e4d1d4,trust,positive
20,57727c95edc2cb3880e4d1d4,love,positive
127,57727c95edc2cb3880e4d1d4,happiness,positive
127,57727c95edc2cb3880e4d1d4,love,positive
6,57727c95edc2cb3880e4d1d4,humility,positive
6,57727c95edc2cb3880e4d1d4,happiness,positive
6,57727c95edc2cb3880e4d1d4,love,positive
65,57727c95edc2cb3880e4d1d4,happiness,positive
65,57727c95edc2cb3880e4d1d4,love,positive
3,57727c95edc2cb3880e4d1d4,happiness,positive
3,57727c95edc2cb3880e4d1d4,love,positive
3,57727c95edc2cb3880e4d1d4,arrogance,negative
29,57727c95edc2cb3880e4d1d4,love,positive
129,57727c95edc2cb3880e4d1d4,happiness,positive
129,57727c95edc2cb3880e4d1d4,love,positive
129,57727c95edc2cb3880e4d1d4,anticipation,mixed
7,57727c95edc2cb3880e4d1d4,trust,positive
114,57727c95edc2cb3880e4d1d4,love,positive
9,57727c95edc2cb3880e4d1d4,love,positive
45,57727c95edc2cb3880e4d1d4,love,positive
30,57726f59edc2cb3880ba76b3,happiness,positive
30,57726f59edc2cb3880ba76b3,love,positive
40,57726f59edc2cb3880ba76b3,love,positive
40,57726f59edc2cb3880ba76b3,optimism,positive
8,57726f59edc2cb3880ba76b3,trust,positive
8,57726f59edc2cb3880ba76b3,happiness,positive
8,57726f59edc2cb3880ba76b3,anticipation,mixed
8,57726f59edc2cb3880ba76b3,surprise,mixed
33,57726f59edc2cb3880ba76b3,optimism,positive
33,57726f59edc2cb3880ba76b3,fear,negative
9,57726f59edc2cb3880ba76b3,happiness,positive
43,57726f59edc2cb3880ba76b3,happiness,positive
43,57726f59edc2cb3880ba76b3,optimism,positive
90,57726f59edc2cb3880ba76b3,trust,positive
90,57726f59edc2cb3880ba76b3,happiness,positive
90,57726f59edc2cb3880ba76b3,love,positive
90,57726f59edc2cb3880ba76b3,arrogance,negative
90,57726f59edc2cb3880ba76b3,agreeableness,mixed
90,57726f59edc2cb3880ba76b3,anticipation,mixed
90,57726f59edc2cb3880ba76b3,surprise,mixed
77,57726f59edc2cb3880ba76b3,happiness,positive
99,57726f59edc2cb3880ba76b3,happiness,positive
58,57726f59edc2cb3880ba76b3,happiness,positive
58,57726f59edc2cb3880ba76b3,optimism,positive
6,57726e37edc2cb3880b628ee,trust,positive
117,57726e37edc2cb3880b628ee,trust,positive
117,57726e37edc2cb3880b628ee,anger,negative
117,57726e37edc2cb3880b628ee,disgust,negative
117,57726e37edc2cb3880b628ee,fear,negative
22,57726e37edc2cb3880b628ee,disagreeableness,mixed
40,57726e37edc2cb3880b628ee,sadness,negative
19,57726e37edc2cb3880b628ee,fear,negative
175,57726e37edc2cb3880b628ee,fear,negative
175,57726e37edc2cb3880b628ee,regret,negative
175,57726e37edc2cb3880b628ee,disagreeableness,mixed
29,57726e37edc2cb3880b628ee,fear,negative
25,57726e37edc2cb3880b628ee,fear,negative
8,57726e37edc2cb3880b628ee,fear,negative
8,57726e37edc2cb3880b628ee,anticipation,mixed
8,57726e37edc2cb3880b628ee,surprise,mixed
26,57726e37edc2cb3880b628ee,anger,negative
11,57726e37edc2cb3880b628ee,fear,negative
11,57726e37edc2cb3880b628ee,sadness,negative
11,57726e37edc2cb3880b628ee,shame,negative
59,57726e37edc2cb3880b628ee,anger,negative
64,57726f59edc2cb3880ba76b3,happiness,positive
64,57726f59edc2cb3880ba76b3,love,positive
71,57726f59edc2cb3880ba76b3,trust,positive
71,57726f59edc2cb3880ba76b3,optimism,positive
183,57726f59edc2cb3880ba76b3,happiness,positive
3,57726f59edc2cb3880ba76b3,happiness,positive
3,57726f59edc2cb3880ba76b3,optimism,positive
150,57726f59edc2cb3880ba76b3,surprise,mixed
150,57726f59edc2cb3880ba76b3,shyness,mixed
205,57726f59edc2cb3880ba76b3,happiness,positive
92,57726f59edc2cb3880ba76b3,fear,negative
92,57726f59edc2cb3880ba76b3,anticipation,mixed
92,57726f59edc2cb3880ba76b3,surprise,mixed
129,57726f59edc2cb3880ba76b3,happiness,positive
129,57726f59edc2cb3880ba76b3,optimism,positive
6,57726f59edc2cb3880ba76b3,humility,positive
6,57726f59edc2cb3880ba76b3,happiness,positive
267,57726f59edc2cb3880ba76b3,happiness,positive
267,57726f59edc2cb3880ba76b3,anticipation,mixed
33,57726f59edc2cb3880ba76b3,happiness,positive
65,57726f59edc2cb3880ba76b3,happiness,positive
69,57726f59edc2cb3880ba76b3,happiness,positive
69,57726f59edc2cb3880ba76b3,optimism,positive
131,57726f59edc2cb3880ba76b3,happiness,positive
22,57726f59edc2cb3880ba76b3,anticipation,mixed
59,57726f59edc2cb3880ba76b3,trust,positive
8,57726f59edc2cb3880ba76b3,gratitude,positive
8,57726f59edc2cb3880ba76b3,love,positive
136,57726f59edc2cb3880ba76b3,happiness,positive
11,57726f59edc2cb3880ba76b3,humility,positive
11,57726f59edc2cb3880ba76b3,happiness,positive
11,57726f59edc2cb3880ba76b3,optimism,positive
11,57726f59edc2cb3880ba76b3,anticipation,mixed
16,57726f59edc2cb3880ba76b3,happiness,positive
16,57726f59edc2cb3880ba76b3,optimism,positive
12,57726f59edc2cb3880ba76b3,happiness,positive
67,57726f59edc2cb3880ba76b3,happiness,positive
67,57726f59edc2cb3880ba76b3,arrogance,negative
67,57726f59edc2cb3880ba76b3,sadness,negative
67,57726f59edc2cb3880ba76b3,shyness,mixed
262,57726f59edc2cb3880ba76b3,arrogance,negative
262,57726f59edc2cb3880ba76b3,shyness,mixed
46,57726f59edc2cb3880ba76b3,happiness,positive
17,57726f59edc2cb3880ba76b3,happiness,positive
17,57726f59edc2cb3880ba76b3,love,positive
17,57726f59edc2cb3880ba76b3,optimism,positive
221,57726f59edc2cb3880ba76b3,trust,positive
20,57726f59edc2cb3880ba76b3,trust,positive
20,57726f59edc2cb3880ba76b3,happiness,positive
83,57726f59edc2cb3880ba76b3,trust,positive
83,57726f59edc2cb3880ba76b3,happiness,positive
149,57726f59edc2cb3880ba76b3,pessimism,negative
149,57726f59edc2cb3880ba76b3,shame,negative
149,57726f59edc2cb3880ba76b3,surprise,mixed
275,57726f59edc2cb3880ba76b3,happiness,positive
2,57726f59edc2cb3880ba76b3,fear,negative
2,57726f59edc2cb3880ba76b3,anticipation,mixed
2,57726f59edc2cb3880ba76b3,surprise,mixed
4,57726f59edc2cb3880ba76b3,happiness,positive
4,57726f59edc2cb3880ba76b3,optimism,positive
119,57726f59edc2cb3880ba76b3,happiness,positive
119,57726f59edc2cb3880ba76b3,optimism,positive
24,57726f59edc2cb3880ba76b3,happiness,positive
10,57726f59edc2cb3880ba76b3,arrogance,negative
10,57726f59edc2cb3880ba76b3,pessimism,negative
261,57726f59edc2cb3880ba76b3,happiness,positive
306,57726f59edc2cb3880ba76b3,trust,positive
306,57726f59edc2cb3880ba76b3,gratitude,positive
306,57726f59edc2cb3880ba76b3,humility,positive
306,57726f59edc2cb3880ba76b3,happiness,positive
306,57726f59edc2cb3880ba76b3,love,positive
306,57726f59edc2cb3880ba76b3,optimism,positive
306,57726f59edc2cb3880ba76b3,anger,negative
306,57726f59edc2cb3880ba76b3,arrogance,negative
306,57726f59edc2cb3880ba76b3,disgust,negative
306,57726f59edc2cb3880ba76b3,fear,negative
306,57726f59edc2cb3880ba76b3,pessimism,negative
306,57726f59edc2cb3880ba76b3,regret,negative
306,57726f59edc2cb3880ba76b3,sadness,negative
306,57726f59edc2cb3880ba76b3,shame,negative
306,57726f59edc2cb3880ba76b3,surprise,mixed
306,57726f59edc2cb3880ba76b3,shyness,mixed
144,57726f59edc2cb3880ba76b3,anticipation,mixed
263,57726f59edc2cb3880ba76b3,disgust,negative
263,57726f59edc2cb3880ba76b3,fear,negative
263,57726f59edc2cb3880ba76b3,pessimism,negative
50,57726f59edc2cb3880ba76b3,shame,negative
50,57726f59edc2cb3880ba76b3,surprise,mixed
299,57726f59edc2cb3880ba76b3,gratitude,positive
299,57726f59edc2cb3880ba76b3,optimism,positive
288,57726f59edc2cb3880ba76b3,happiness,positive
288,57726f59edc2cb3880ba76b3,optimism,positive
48,57726f59edc2cb3880ba76b3,happiness,positive
49,57726f59edc2cb3880ba76b3,happiness,positive
103,57726f59edc2cb3880ba76b3,trust,positive
103,57726f59edc2cb3880ba76b3,happiness,positive
103,57726f59edc2cb3880ba76b3,love,positive
103,57726f59edc2cb3880ba76b3,optimism,positive
103,57726f59edc2cb3880ba76b3,surprise,mixed
27,57726f59edc2cb3880ba76b3,happiness,positive
27,57726f59edc2cb3880ba76b3,fear,negative
45,57726f59edc2cb3880ba76b3,happiness,positive
270,57726f59edc2cb3880ba76b3,happiness,positive
104,57726f59edc2cb3880ba76b3,happiness,positive
104,57726f59edc2cb3880ba76b3,sadness,negative
14,57726f59edc2cb3880ba76b3,happiness,positive
40,57726f59edc2cb3880ba76b3,happiness,positive
56,57726f59edc2cb3880ba76b3,happiness,positive
132,57726f59edc2cb3880ba76b3,happiness,positive
94,57726f59edc2cb3880ba76b3,happiness,positive
53,57726f59edc2cb3880ba76b3,happiness,positive
174,57726f59edc2cb3880ba76b3,trust,positive
247,57726f59edc2cb3880ba76b3,happiness,positive
247,57726f59edc2cb3880ba76b3,love,positive
202,57726f59edc2cb3880ba76b3,gratitude,positive
202,57726f59edc2cb3880ba76b3,love,positive
36,57726f59edc2cb3880ba76b3,happiness,positive
81,57726f59edc2cb3880ba76b3,happiness,positive
81,57726f59edc2cb3880ba76b3,optimism,positive
224,57726f59edc2cb3880ba76b3,trust,positive
224,57726f59edc2cb3880ba76b3,gratitude,positive
224,57726f59edc2cb3880ba76b3,agreeableness,mixed
61,57726f59edc2cb3880ba76b3,happiness,positive
61,57726f59edc2cb3880ba76b3,fear,negative
61,57726f59edc2cb3880ba76b3,anticipation,mixed
15,57726f59edc2cb3880ba76b3,happiness,positive
15,57726f59edc2cb3880ba76b3,love,positive
15,57726f59edc2cb3880ba76b3,optimism,positive
7,57726f59edc2cb3880ba76b3,happiness,positive
178,57726f59edc2cb3880ba76b3,happiness,positive
200,57726f59edc2cb3880ba76b3,happiness,positive
200,57726f59edc2cb3880ba76b3,love,positive
95,57726f59edc2cb3880ba76b3,trust,positive
95,57726f59edc2cb3880ba76b3,gratitude,positive
95,57726f59edc2cb3880ba76b3,humility,positive
95,57726f59edc2cb3880ba76b3,happiness,positive
95,57726f59edc2cb3880ba76b3,love,positive
277,57726f59edc2cb3880ba76b3,disgust,negative
277,57726f59edc2cb3880ba76b3,fear,negative
277,57726f59edc2cb3880ba76b3,sadness,negative
277,57726f59edc2cb3880ba76b3,shame,negative
277,57726f59edc2cb3880ba76b3,anticipation,mixed
67,57727c95edc2cb3880e4d1d4,happiness,positive
67,57727c95edc2cb3880e4d1d4,optimism,positive
67,57727c95edc2cb3880e4d1d4,regret,negative
67,57727c95edc2cb3880e4d1d4,shame,negative
67,57727c95edc2cb3880e4d1d4,anticipation,mixed
67,57727c95edc2cb3880e4d1d4,shyness,mixed
51,57727c95edc2cb3880e4d1d4,love,positive
29,57727c95edc2cb3880e4d1d4,trust,positive
4,57727c95edc2cb3880e4d1d4,humility,positive
149,57727c95edc2cb3880e4d1d4,trust,positive
149,57727c95edc2cb3880e4d1d4,gratitude,positive
149,57727c95edc2cb3880e4d1d4,humility,positive
149,57727c95edc2cb3880e4d1d4,love,positive
21,57727c95edc2cb3880e4d1d4,love,positive
11,57727c95edc2cb3880e4d1d4,humility,positive
11,57727c95edc2cb3880e4d1d4,happiness,positive
11,57727c95edc2cb3880e4d1d4,love,positive
11,57727c95edc2cb3880e4d1d4,optimism,positive
26,57727c95edc2cb3880e4d1d4,gratitude,positive
26,57727c95edc2cb3880e4d1d4,humility,positive
26,57727c95edc2cb3880e4d1d4,happiness,positive
26,57727c95edc2cb3880e4d1d4,love,positive
20,57727c95edc2cb3880e4d1d4,happiness,positive
137,57727c95edc2cb3880e4d1d4,happiness,positive
81,57727c95edc2cb3880e4d1d4,gratitude,positive
81,57727c95edc2cb3880e4d1d4,humility,positive
81,57727c95edc2cb3880e4d1d4,love,positive
81,57727c95edc2cb3880e4d1d4,optimism,positive
81,57727c95edc2cb3880e4d1d4,agreeableness,mixed
58,57727c95edc2cb3880e4d1d4,humility,positive
58,57727c95edc2cb3880e4d1d4,love,positive
46,57727c95edc2cb3880e4d1d4,gratitude,positive
46,57727c95edc2cb3880e4d1d4,happiness,positive
46,57727c95edc2cb3880e4d1d4,love,positive
31,57727c95edc2cb3880e4d1d4,trust,positive
31,57727c95edc2cb3880e4d1d4,gratitude,positive
31,57727c95edc2cb3880e4d1d4,humility,positive
31,57727c95edc2cb3880e4d1d4,happiness,positive
31,57727c95edc2cb3880e4d1d4,fear,negative
31,57727c95edc2cb3880e4d1d4,pessimism,negative
31,57727c95edc2cb3880e4d1d4,regret,negative
31,57727c95edc2cb3880e4d1d4,sadness,negative
6,57727c95edc2cb3880e4d1d4,trust,positive
90,57727c95edc2cb3880e4d1d4,trust,positive
90,57727c95edc2cb3880e4d1d4,gratitude,positive
90,57727c95edc2cb3880e4d1d4,humility,positive
90,57727c95edc2cb3880e4d1d4,happiness,positive
90,57727c95edc2cb3880e4d1d4,love,positive
90,57727c95edc2cb3880e4d1d4,fear,negative
90,57727c95edc2cb3880e4d1d4,sadness,negative
90,57727c95edc2cb3880e4d1d4,shyness,mixed
8,57727c95edc2cb3880e4d1d4,trust,positive
8,57727c95edc2cb3880e4d1d4,humility,positive
8,57727c95edc2cb3880e4d1d4,happiness,positive
8,57727c95edc2cb3880e4d1d4,love,positive
8,57727c95edc2cb3880e4d1d4,anticipation,mixed
8,57727c95edc2cb3880e4d1d4,surprise,mixed
91,57727c95edc2cb3880e4d1d4,happiness,positive
91,57727c95edc2cb3880e4d1d4,love,positive
197,57727c95edc2cb3880e4d1d4,trust,positive
197,57727c95edc2cb3880e4d1d4,love,positive
197,57727c95edc2cb3880e4d1d4,optimism,positive
33,57727c95edc2cb3880e4d1d4,happiness,positive
33,57727c95edc2cb3880e4d1d4,optimism,positive
33,57727c95edc2cb3880e4d1d4,sadness,negative
43,57727c95edc2cb3880e4d1d4,trust,positive
43,57727c95edc2cb3880e4d1d4,love,positive
96,57727c95edc2cb3880e4d1d4,happiness,positive
96,57727c95edc2cb3880e4d1d4,love,positive
96,57727c95edc2cb3880e4d1d4,sadness,negative
16,57727c95edc2cb3880e4d1d4,trust,positive
16,57727c95edc2cb3880e4d1d4,love,positive
16,57727c95edc2cb3880e4d1d4,optimism,positive
28,57727c95edc2cb3880e4d1d4,gratitude,positive
28,57727c95edc2cb3880e4d1d4,happiness,positive
28,57727c95edc2cb3880e4d1d4,love,positive
103,57727c95edc2cb3880e4d1d4,trust,positive
103,57727c95edc2cb3880e4d1d4,happiness,positive
103,57727c95edc2cb3880e4d1d4,love,positive
104,57727c95edc2cb3880e4d1d4,happiness,positive
104,57727c95edc2cb3880e4d1d4,sadness,negative
136,57727c95edc2cb3880e4d1d4,love,positive
83,57727c95edc2cb3880e4d1d4,trust,positive
83,57727c95edc2cb3880e4d1d4,happiness,positive
189,57727c95edc2cb3880e4d1d4,humility,positive
189,57727c95edc2cb3880e4d1d4,happiness,positive
189,57727c95edc2cb3880e4d1d4,love,positive
189,57727c95edc2cb3880e4d1d4,optimism,positive
159,57727c95edc2cb3880e4d1d4,happiness,positive
159,57727c95edc2cb3880e4d1d4,love,positive
159,57727c95edc2cb3880e4d1d4,optimism,positive
41,57727c95edc2cb3880e4d1d4,humility,positive
7,57727c95edc2cb3880e4d1d4,gratitude,positive
56,57727c95edc2cb3880e4d1d4,love,positive
50,57727c95edc2cb3880e4d1d4,love,positive
24,57727c95edc2cb3880e4d1d4,humility,positive
24,57727c95edc2cb3880e4d1d4,happiness,positive
24,57727c95edc2cb3880e4d1d4,love,positive
37,57727c95edc2cb3880e4d1d4,trust,positive
37,57727c95edc2cb3880e4d1d4,humility,positive
101,57727c95edc2cb3880e4d1d4,trust,positive
101,57727c95edc2cb3880e4d1d4,gratitude,positive
101,57727c95edc2cb3880e4d1d4,love,positive
15,57727c95edc2cb3880e4d1d4,trust,positive
15,57727c95edc2cb3880e4d1d4,humility,positive
15,57727c95edc2cb3880e4d1d4,happiness,positive
15,57727c95edc2cb3880e4d1d4,love,positive
79,57727c95edc2cb3880e4d1d4,gratitude,positive
79,57727c95edc2cb3880e4d1d4,humility,positive
79,57727c95edc2cb3880e4d1d4,happiness,positive
79,57727c95edc2cb3880e4d1d4,agreeableness,mixed
37,577271fdedc2cb3880c384cc,gratitude,positive
94,577271fdedc2cb3880c384cc,love,positive
95,577271fdedc2cb3880c384cc,trust,positive
95,577271fdedc2cb3880c384cc,gratitude,positive
95,577271fdedc2cb3880c384cc,sadness,negative
96,577271fdedc2cb3880c384cc,gratitude,positive
96,577271fdedc2cb3880c384cc,optimism,positive
96,577271fdedc2cb3880c384cc,arrogance,negative
55,577271fdedc2cb3880c384cc,trust,positive
55,577271fdedc2cb3880c384cc,happiness,positive
97,577271fdedc2cb3880c384cc,happiness,positive
53,577271fdedc2cb3880c384cc,happiness,positive
56,577271fdedc2cb3880c384cc,gratitude,positive
98,577271fdedc2cb3880c384cc,trust,positive
98,577271fdedc2cb3880c384cc,gratitude,positive
99,577271fdedc2cb3880c384cc,trust,positive
99,577271fdedc2cb3880c384cc,humility,positive
99,577271fdedc2cb3880c384cc,happiness,positive
99,577271fdedc2cb3880c384cc,love,positive
6,57726f4cedc2cb3880ba07ed,humility,positive
1,57726f4cedc2cb3880ba07ed,happiness,positive
1,57726f4cedc2cb3880ba07ed,love,positive
66,57726f4cedc2cb3880ba07ed,humility,positive
4,57726f4cedc2cb3880ba07ed,optimism,positive
3,57726f4cedc2cb3880ba07ed,happiness,positive
8,57726f4cedc2cb3880ba07ed,trust,positive
8,57726f4cedc2cb3880ba07ed,gratitude,positive
8,57726f4cedc2cb3880ba07ed,love,positive
8,57726f4cedc2cb3880ba07ed,arrogance,negative
8,57726f4cedc2cb3880ba07ed,regret,negative
8,57726f4cedc2cb3880ba07ed,anticipation,mixed
8,57726f4cedc2cb3880ba07ed,surprise,mixed
33,57726f4cedc2cb3880ba07ed,love,positive
33,57726f4cedc2cb3880ba07ed,optimism,positive
46,57726f4cedc2cb3880ba07ed,trust,positive
46,57726f4cedc2cb3880ba07ed,anger,negative
49,57726f4cedc2cb3880ba07ed,arrogance,negative
153,57726f4cedc2cb3880ba07ed,humility,positive
153,57726f4cedc2cb3880ba07ed,happiness,positive
153,57726f4cedc2cb3880ba07ed,love,positive
56,57726f78edc2cb3880baa755,happiness,positive
18,57726f78edc2cb3880baa755,trust,positive
94,57726f78edc2cb3880baa755,anticipation,mixed
20,57726f78edc2cb3880baa755,anticipation,mixed
40,57726f78edc2cb3880baa755,happiness,positive
50,57726f78edc2cb3880baa755,humility,positive
3,57726f78edc2cb3880baa755,disgust,negative
96,57726f78edc2cb3880baa755,agreeableness,mixed
96,57726f78edc2cb3880baa755,surprise,mixed
58,57726f78edc2cb3880baa755,optimism,positive
58,57726f78edc2cb3880baa755,fear,negative
58,57726f78edc2cb3880baa755,anticipation,mixed
58,57726f78edc2cb3880baa755,surprise,mixed
15,57726f78edc2cb3880baa755,trust,positive
15,57726f78edc2cb3880baa755,gratitude,positive
15,57726f78edc2cb3880baa755,humility,positive
65,57726f76edc2cb3880baa425,anticipation,mixed
65,57726f76edc2cb3880baa425,surprise,mixed
67,57726f76edc2cb3880baa425,gratitude,positive
67,57726f76edc2cb3880baa425,arrogance,negative
67,57726f76edc2cb3880baa425,anticipation,mixed
6,57726f76edc2cb3880baa425,arrogance,negative
6,57726f76edc2cb3880baa425,sadness,negative
64,57726f76edc2cb3880baa425,gratitude,positive
64,57726f76edc2cb3880baa425,happiness,positive
172,57726f76edc2cb3880baa425,fear,negative
172,57726f76edc2cb3880baa425,pessimism,negative
172,57726f76edc2cb3880baa425,anticipation,mixed
172,57726f76edc2cb3880baa425,surprise,mixed
114,57726f76edc2cb3880baa425,arrogance,negative
150,57726f76edc2cb3880baa425,shyness,mixed
36,57726f76edc2cb3880baa425,gratitude,positive
36,57726f76edc2cb3880baa425,agreeableness,mixed
7,57726f76edc2cb3880baa425,surprise,mixed
71,57726f76edc2cb3880baa425,trust,positive
3,57726f76edc2cb3880baa425,fear,negative
27,57726f76edc2cb3880baa425,fear,negative
27,57726f76edc2cb3880baa425,anticipation,mixed
8,57727d14edc2cb3880e6926e,trust,positive
8,57727d14edc2cb3880e6926e,happiness,positive
8,57727d14edc2cb3880e6926e,anticipation,mixed
8,57727d14edc2cb3880e6926e,surprise,mixed
37,57727d14edc2cb3880e6926e,happiness,positive
30,57727d14edc2cb3880e6926e,happiness,positive
30,57727d14edc2cb3880e6926e,love,positive
5,57727d14edc2cb3880e6926e,happiness,positive
5,57727d14edc2cb3880e6926e,love,positive
28,57727d14edc2cb3880e6926e,gratitude,positive
28,57727d14edc2cb3880e6926e,love,positive
55,57727d14edc2cb3880e6926e,trust,positive
55,57727d14edc2cb3880e6926e,gratitude,positive
43,57727d14edc2cb3880e6926e,trust,positive
107,57727d14edc2cb3880e6926e,trust,positive
107,57727d14edc2cb3880e6926e,humility,positive
83,57727d14edc2cb3880e6926e,happiness,positive
83,57727d14edc2cb3880e6926e,love,positive
104,57727d14edc2cb3880e6926e,happiness,positive
28,57727c2eedc2cb3880e392f5,gratitude,positive
28,57727c2eedc2cb3880e392f5,happiness,positive
28,57727c2eedc2cb3880e392f5,love,positive
8,57727c2eedc2cb3880e392f5,trust,positive
8,57727c2eedc2cb3880e392f5,happiness,positive
8,57727c2eedc2cb3880e392f5,love,positive
8,57727c2eedc2cb3880e392f5,pessimism,negative
8,57727c2eedc2cb3880e392f5,regret,negative
8,57727c2eedc2cb3880e392f5,sadness,negative
8,57727c2eedc2cb3880e392f5,anticipation,mixed
8,57727c2eedc2cb3880e392f5,surprise,mixed
1,57727c2eedc2cb3880e392f5,anticipation,mixed
59,57727c2eedc2cb3880e392f5,trust,positive
59,57727c2eedc2cb3880e392f5,humility,positive
85,57727c2eedc2cb3880e392f5,gratitude,positive
10,57727c2eedc2cb3880e392f5,gratitude,positive
10,57727c2eedc2cb3880e392f5,humility,positive
37,57727c2eedc2cb3880e392f5,humility,positive
84,57727c2eedc2cb3880e392f5,trust,positive
84,57727c2eedc2cb3880e392f5,happiness,positive
45,57727c2eedc2cb3880e392f5,humility,positive
77,57727c2eedc2cb3880e392f5,trust,positive
77,57727c2eedc2cb3880e392f5,agreeableness,mixed
6,57726f77edc2cb3880baa4c5,trust,positive
136,57726f77edc2cb3880baa4c5,trust,positive
40,57726f77edc2cb3880baa4c5,happiness,positive
11,57726f77edc2cb3880baa4c5,disagreeableness,mixed
11,57726f77edc2cb3880baa4c5,anticipation,mixed
11,57726f77edc2cb3880baa4c5,surprise,mixed
38,57726f77edc2cb3880baa4c5,anticipation,mixed
38,57726f77edc2cb3880baa4c5,surprise,mixed
29,57726f77edc2cb3880baa4c5,anticipation,mixed
15,57726f77edc2cb3880baa4c5,fear,negative
15,57726f77edc2cb3880baa4c5,surprise,mixed
91,57726f77edc2cb3880baa4c5,happiness,positive
91,57726f77edc2cb3880baa4c5,surprise,mixed
24,57726f77edc2cb3880baa4c5,disgust,negative
43,57726f77edc2cb3880baa4c5,disgust,negative
43,57726f77edc2cb3880baa4c5,fear,negative
8,57726f48edc2cb3880ba012f,trust,positive
8,57726f48edc2cb3880ba012f,happiness,positive
8,57726f48edc2cb3880ba012f,love,positive
8,57726f48edc2cb3880ba012f,anticipation,mixed
8,57726f48edc2cb3880ba012f,surprise,mixed
37,57726f48edc2cb3880ba012f,optimism,positive
28,57726f48edc2cb3880ba012f,trust,positive
28,57726f48edc2cb3880ba012f,gratitude,positive
28,57726f48edc2cb3880ba012f,happiness,positive
5,57726f48edc2cb3880ba012f,happiness,positive
5,57726f48edc2cb3880ba012f,love,positive
125,57726f48edc2cb3880ba012f,trust,positive
30,57726f48edc2cb3880ba012f,happiness,positive
30,57726f48edc2cb3880ba012f,love,positive
58,57726f48edc2cb3880ba012f,arrogance,negative
6,57726f48edc2cb3880ba012f,trust,positive
120,57726f48edc2cb3880ba012f,trust,positive
120,57726f48edc2cb3880ba012f,love,positive
15,57726f48edc2cb3880ba012f,arrogance,negative
56,57727016edc2cb3880bceb88,trust,positive
51,57727016edc2cb3880bceb88,trust,positive
38,57727016edc2cb3880bceb88,trust,positive
103,57727016edc2cb3880bceb88,anger,negative
103,57727016edc2cb3880bceb88,fear,negative
103,57727016edc2cb3880bceb88,sadness,negative
99,57727016edc2cb3880bceb88,trust,positive
53,57727016edc2cb3880bceb88,trust,positive
46,57727016edc2cb3880bceb88,happiness,positive
60,57727016edc2cb3880bceb88,trust,positive
60,57727016edc2cb3880bceb88,agreeableness,mixed
60,57727016edc2cb3880bceb88,anticipation,mixed
59,57727016edc2cb3880bceb88,trust,positive
59,57727016edc2cb3880bceb88,gratitude,positive
43,57727016edc2cb3880bceb88,trust,positive
8,57727071edc2cb3880be3213,trust,positive
8,57727071edc2cb3880be3213,agreeableness,mixed
8,57727071edc2cb3880be3213,anticipation,mixed
8,57727071edc2cb3880be3213,surprise,mixed
3,57727071edc2cb3880be3213,happiness,positive
110,57727071edc2cb3880be3213,arrogance,negative
110,57727071edc2cb3880be3213,agreeableness,mixed
17,57727071edc2cb3880be3213,happiness,positive
17,57727071edc2cb3880be3213,anticipation,mixed
4,57727071edc2cb3880be3213,optimism,positive
58,57727071edc2cb3880be3213,arrogance,negative
58,57727071edc2cb3880be3213,sadness,negative
109,57727071edc2cb3880be3213,anticipation,mixed
31,57727071edc2cb3880be3213,trust,positive
31,57727071edc2cb3880be3213,humility,positive
31,57727071edc2cb3880be3213,happiness,positive
31,57727071edc2cb3880be3213,fear,negative
31,57727071edc2cb3880be3213,pessimism,negative
31,57727071edc2cb3880be3213,regret,negative
31,57727071edc2cb3880be3213,sadness,negative
83,57727071edc2cb3880be3213,trust,positive
83,57727071edc2cb3880be3213,optimism,positive
15,57727071edc2cb3880be3213,arrogance,negative
3,57726fffedc2cb3880bc69d6,happiness,positive
48,57726fffedc2cb3880bc69d6,optimism,positive
143,57726fffedc2cb3880bc69d6,love,positive
30,57726fffedc2cb3880bc69d6,pessimism,negative
15,57726fffedc2cb3880bc69d6,fear,negative
15,57726fffedc2cb3880bc69d6,sadness,negative
77,57726fffedc2cb3880bc69d6,anticipation,mixed
33,57726fffedc2cb3880bc69d6,anticipation,mixed
63,57726fffedc2cb3880bc69d6,anticipation,mixed
46,57726fffedc2cb3880bc69d6,happiness,positive
45,57726fffedc2cb3880bc69d6,optimism,positive
45,57726fffedc2cb3880bc69d6,regret,negative
5,57727cbaedc2cb3880e561f7,fear,negative
5,57727cbaedc2cb3880e561f7,sadness,negative
30,57727cbaedc2cb3880e561f7,fear,negative
4,57727cbaedc2cb3880e561f7,fear,negative
4,57727cbaedc2cb3880e561f7,sadness,negative
10,57727cbaedc2cb3880e561f7,fear,negative
10,57727cbaedc2cb3880e561f7,shame,negative
8,57727cbaedc2cb3880e561f7,trust,positive
8,57727cbaedc2cb3880e561f7,gratitude,positive
8,57727cbaedc2cb3880e561f7,pessimism,negative
8,57727cbaedc2cb3880e561f7,sadness,negative
8,57727cbaedc2cb3880e561f7,anticipation,mixed
8,57727cbaedc2cb3880e561f7,surprise,mixed
131,57727cbaedc2cb3880e561f7,disagreeableness,mixed
15,57727cbaedc2cb3880e561f7,fear,negative
15,57727cbaedc2cb3880e561f7,sadness,negative
15,57727cbaedc2cb3880e561f7,shame,negative
138,57727cbaedc2cb3880e561f7,disgust,negative
83,57727cbaedc2cb3880e561f7,trust,positive
83,57727cbaedc2cb3880e561f7,humility,positive
83,57727cbaedc2cb3880e561f7,optimism,positive
33,57727cbaedc2cb3880e561f7,disgust,negative
18,57727015edc2cb3880bceb28,humility,positive
51,57727015edc2cb3880bceb28,humility,positive
127,57727015edc2cb3880bceb28,happiness,positive
16,57727015edc2cb3880bceb28,humility,positive
83,57727015edc2cb3880bceb28,trust,positive
83,57727015edc2cb3880bceb28,happiness,positive
160,57727015edc2cb3880bceb28,trust,positive
29,57727015edc2cb3880bceb28,anticipation,mixed
149,57727015edc2cb3880bceb28,humility,positive
149,57727015edc2cb3880bceb28,fear,negative
149,57727015edc2cb3880bceb28,anticipation,mixed
149,57727015edc2cb3880bceb28,surprise,mixed
153,57727015edc2cb3880bceb28,humility,positive
153,57727015edc2cb3880bceb28,happiness,positive
153,57727015edc2cb3880bceb28,love,positive
15,57727015edc2cb3880bceb28,happiness,positive
110,57727015edc2cb3880bceb28,fear,negative
3,577278cdedc2cb3880d9370c,happiness,positive
33,577278cdedc2cb3880d9370c,optimism,positive
49,577278cdedc2cb3880d9370c,gratitude,positive
49,577278cdedc2cb3880d9370c,humility,positive
30,577278cdedc2cb3880d9370c,happiness,positive
50,577278cdedc2cb3880d9370c,sadness,negative
16,577278cdedc2cb3880d9370c,gratitude,positive
16,577278cdedc2cb3880d9370c,humility,positive
10,577278cdedc2cb3880d9370c,anticipation,mixed
10,577278cdedc2cb3880d9370c,surprise,mixed
90,577278cdedc2cb3880d9370c,gratitude,positive
90,577278cdedc2cb3880d9370c,arrogance,negative
90,577278cdedc2cb3880d9370c,anticipation,mixed
164,577278cdedc2cb3880d9370c,fear,negative
164,577278cdedc2cb3880d9370c,pessimism,negative
164,577278cdedc2cb3880d9370c,regret,negative
164,577278cdedc2cb3880d9370c,shame,negative
176,577278cdedc2cb3880d9370c,humility,positive
176,577278cdedc2cb3880d9370c,agreeableness,mixed
28,577278cdedc2cb3880d9370c,happiness,positive
28,577278cdedc2cb3880d9370c,love,positive
64,57727cbaedc2cb3880e561f7,optimism,positive
64,57727cbaedc2cb3880e561f7,fear,negative
68,57727cbaedc2cb3880e561f7,fear,negative
68,57727cbaedc2cb3880e561f7,regret,negative
68,57727cbaedc2cb3880e561f7,sadness,negative
68,57727cbaedc2cb3880e561f7,shame,negative
36,57727cbaedc2cb3880e561f7,arrogance,negative
36,57727cbaedc2cb3880e561f7,disgust,negative
67,57727cbaedc2cb3880e561f7,humility,positive
67,57727cbaedc2cb3880e561f7,love,positive
67,57727cbaedc2cb3880e561f7,arrogance,negative
67,57727cbaedc2cb3880e561f7,shame,negative
67,57727cbaedc2cb3880e561f7,disagreeableness,mixed
67,57727cbaedc2cb3880e561f7,anticipation,mixed
21,57727cbaedc2cb3880e561f7,fear,negative
192,57727cbaedc2cb3880e561f7,disgust,negative
192,57727cbaedc2cb3880e561f7,fear,negative
150,57727cbaedc2cb3880e561f7,shyness,mixed
29,57727cbaedc2cb3880e561f7,anticipation,mixed
20,57727cbaedc2cb3880e561f7,trust,positive
38,57727cbaedc2cb3880e561f7,agreeableness,mixed
177,57727cbaedc2cb3880e561f7,fear,negative
177,57727cbaedc2cb3880e561f7,shame,negative
177,57727cbaedc2cb3880e561f7,disagreeableness,mixed
9,57727cbaedc2cb3880e561f7,fear,negative
243,57727cbaedc2cb3880e561f7,fear,negative
243,57727cbaedc2cb3880e561f7,agreeableness,mixed
46,57727cbaedc2cb3880e561f7,disgust,negative
46,57727cbaedc2cb3880e561f7,fear,negative
46,57727cbaedc2cb3880e561f7,pessimism,negative
6,57727cbaedc2cb3880e561f7,humility,positive
6,57727cbaedc2cb3880e561f7,sadness,negative
112,57727cbaedc2cb3880e561f7,disgust,negative
112,57727cbaedc2cb3880e561f7,fear,negative
112,57727cbaedc2cb3880e561f7,shame,negative
219,57727cbaedc2cb3880e561f7,fear,negative
117,57727cbaedc2cb3880e561f7,trust,positive
117,57727cbaedc2cb3880e561f7,gratitude,positive
117,57727cbaedc2cb3880e561f7,humility,positive
22,57727cbaedc2cb3880e561f7,disagreeableness,mixed
147,57727cbaedc2cb3880e561f7,anger,negative
25,57727cbaedc2cb3880e561f7,fear,negative
228,57727cbaedc2cb3880e561f7,fear,negative
228,57727cbaedc2cb3880e561f7,pessimism,negative
7,57727cbaedc2cb3880e561f7,arrogance,negative
40,57727cbaedc2cb3880e561f7,disgust,negative
40,57727cbaedc2cb3880e561f7,fear,negative
40,57727cbaedc2cb3880e561f7,pessimism,negative
40,57727cbaedc2cb3880e561f7,regret,negative
40,57727cbaedc2cb3880e561f7,sadness,negative
5,57727cbaedc2cb3880e561f7,pessimism,negative
143,57727cbaedc2cb3880e561f7,fear,negative
31,57727cbaedc2cb3880e561f7,anger,negative
31,57727cbaedc2cb3880e561f7,disgust,negative
31,57727cbaedc2cb3880e561f7,fear,negative
31,57727cbaedc2cb3880e561f7,sadness,negative
153,57727cbaedc2cb3880e561f7,anger,negative
153,57727cbaedc2cb3880e561f7,arrogance,negative
153,57727cbaedc2cb3880e561f7,fear,negative
24,57727cbaedc2cb3880e561f7,disgust,negative
24,57727cbaedc2cb3880e561f7,fear,negative
207,57727cbaedc2cb3880e561f7,arrogance,negative
207,57727cbaedc2cb3880e561f7,disgust,negative
207,57727cbaedc2cb3880e561f7,disagreeableness,mixed
141,57727cbaedc2cb3880e561f7,arrogance,negative
141,57727cbaedc2cb3880e561f7,pessimism,negative
141,57727cbaedc2cb3880e561f7,shame,negative
193,57727cbaedc2cb3880e561f7,shame,negative
193,57727cbaedc2cb3880e561f7,anticipation,mixed
17,57727cbaedc2cb3880e561f7,anger,negative
17,57727cbaedc2cb3880e561f7,fear,negative
17,57727cbaedc2cb3880e561f7,sadness,negative
17,57727cbaedc2cb3880e561f7,shame,negative
18,57727cbaedc2cb3880e561f7,fear,negative
44,57727cbaedc2cb3880e561f7,anger,negative
44,57727cbaedc2cb3880e561f7,arrogance,negative
44,57727cbaedc2cb3880e561f7,disgust,negative
44,57727cbaedc2cb3880e561f7,fear,negative
44,57727cbaedc2cb3880e561f7,pessimism,negative
165,57727cbaedc2cb3880e561f7,disgust,negative
165,57727cbaedc2cb3880e561f7,fear,negative
165,57727cbaedc2cb3880e561f7,regret,negative
43,57727cbaedc2cb3880e561f7,fear,negative
43,57727cbaedc2cb3880e561f7,shame,negative
231,57727cbaedc2cb3880e561f7,fear,negative
11,57727cbaedc2cb3880e561f7,disgust,negative
11,57727cbaedc2cb3880e561f7,sadness,negative
11,57727cbaedc2cb3880e561f7,shame,negative
32,57727cbaedc2cb3880e561f7,trust,positive
32,57727cbaedc2cb3880e561f7,anticipation,mixed
259,57727cbaedc2cb3880e561f7,disgust,negative
26,57727cbaedc2cb3880e561f7,gratitude,positive
26,57727cbaedc2cb3880e561f7,humility,positive
3,57727cbaedc2cb3880e561f7,sadness,negative
164,57727cbaedc2cb3880e561f7,love,positive
164,57727cbaedc2cb3880e561f7,shame,negative
300,57727cbaedc2cb3880e561f7,anger,negative
300,57727cbaedc2cb3880e561f7,disgust,negative
300,57727cbaedc2cb3880e561f7,fear,negative
63,57727cbaedc2cb3880e561f7,anger,negative
63,57727cbaedc2cb3880e561f7,disgust,negative
103,57727cbaedc2cb3880e561f7,anger,negative
103,57727cbaedc2cb3880e561f7,arrogance,negative
103,57727cbaedc2cb3880e561f7,fear,negative
103,57727cbaedc2cb3880e561f7,pessimism,negative
50,57727cbaedc2cb3880e561f7,sadness,negative
50,57727cbaedc2cb3880e561f7,disagreeableness,mixed
57,57727cbaedc2cb3880e561f7,love,positive
301,57727cbaedc2cb3880e561f7,surprise,mixed
27,57727cbaedc2cb3880e561f7,fear,negative
246,57727cbaedc2cb3880e561f7,disgust,negative
106,57727cbaedc2cb3880e561f7,trust,positive
106,57727cbaedc2cb3880e561f7,humility,positive
106,57727cbaedc2cb3880e561f7,love,positive
106,57727cbaedc2cb3880e561f7,optimism,positive
106,57727cbaedc2cb3880e561f7,anger,negative
106,57727cbaedc2cb3880e561f7,arrogance,negative
106,57727cbaedc2cb3880e561f7,disgust,negative
106,57727cbaedc2cb3880e561f7,regret,negative
106,57727cbaedc2cb3880e561f7,agreeableness,mixed
106,57727cbaedc2cb3880e561f7,anticipation,mixed
106,57727cbaedc2cb3880e561f7,shyness,mixed
33,57727cbaedc2cb3880e561f7,fear,negative
54,57727cbaedc2cb3880e561f7,disgust,negative
54,57727cbaedc2cb3880e561f7,fear,negative
54,57727cbaedc2cb3880e561f7,shame,negative
191,57727cbaedc2cb3880e561f7,disgust,negative
191,57727cbaedc2cb3880e561f7,fear,negative
60,57727cbaedc2cb3880e561f7,trust,positive
60,57727cbaedc2cb3880e561f7,sadness,negative
60,57727cbaedc2cb3880e561f7,anticipation,mixed
120,57727cbaedc2cb3880e561f7,fear,negative
80,57727cbaedc2cb3880e561f7,fear,negative
225,57727cbaedc2cb3880e561f7,anger,negative
225,57727cbaedc2cb3880e561f7,fear,negative
225,57727cbaedc2cb3880e561f7,anticipation,mixed
214,57727cbaedc2cb3880e561f7,love,positive
214,57727cbaedc2cb3880e561f7,optimism,positive
84,57727cbaedc2cb3880e561f7,fear,negative
36,57726f4fedc2cb3880ba0b6d,fear,negative
36,57726f4fedc2cb3880ba0b6d,regret,negative
36,57726f4fedc2cb3880ba0b6d,shyness,mixed
20,57726f4fedc2cb3880ba0b6d,anger,negative
20,57726f4fedc2cb3880ba0b6d,fear,negative
89,57726f4fedc2cb3880ba0b6d,fear,negative
89,57726f4fedc2cb3880ba0b6d,sadness,negative
104,57726f4fedc2cb3880ba0b6d,disgust,negative
104,57726f4fedc2cb3880ba0b6d,fear,negative
159,57726f4fedc2cb3880ba0b6d,arrogance,negative
159,57726f4fedc2cb3880ba0b6d,disgust,negative
159,57726f4fedc2cb3880ba0b6d,fear,negative
159,57726f4fedc2cb3880ba0b6d,pessimism,negative
91,57726f4fedc2cb3880ba0b6d,disgust,negative
91,57726f4fedc2cb3880ba0b6d,fear,negative
91,57726f4fedc2cb3880ba0b6d,pessimism,negative
91,57726f4fedc2cb3880ba0b6d,regret,negative
91,57726f4fedc2cb3880ba0b6d,sadness,negative
7,57726f4fedc2cb3880ba0b6d,fear,negative
38,57726f4fedc2cb3880ba0b6d,fear,negative
14,57726f4fedc2cb3880ba0b6d,fear,negative
92,57726f4fedc2cb3880ba0b6d,anger,negative
92,57726f4fedc2cb3880ba0b6d,fear,negative
92,57726f4fedc2cb3880ba0b6d,pessimism,negative
92,57726f4fedc2cb3880ba0b6d,sadness,negative
92,57726f4fedc2cb3880ba0b6d,disagreeableness,mixed
89,57727c2eedc2cb3880e39405,humility,positive
89,57727c2eedc2cb3880e39405,happiness,positive
37,57727c2eedc2cb3880e39405,sadness,negative
36,57727c2eedc2cb3880e39405,trust,positive
36,57727c2eedc2cb3880e39405,gratitude,positive
36,57727c2eedc2cb3880e39405,agreeableness,mixed
43,57727c2eedc2cb3880e39405,happiness,positive
43,57727c2eedc2cb3880e39405,love,positive
19,57727c2eedc2cb3880e39405,humility,positive
19,57727c2eedc2cb3880e39405,love,positive
44,57727c2eedc2cb3880e39405,trust,positive
44,57727c2eedc2cb3880e39405,humility,positive
44,57727c2eedc2cb3880e39405,love,positive
26,57727c2eedc2cb3880e39405,gratitude,positive
26,57727c2eedc2cb3880e39405,humility,positive
26,57727c2eedc2cb3880e39405,happiness,positive
90,57727c2eedc2cb3880e39405,trust,positive
90,57727c2eedc2cb3880e39405,gratitude,positive
90,57727c2eedc2cb3880e39405,humility,positive
90,57727c2eedc2cb3880e39405,happiness,positive
90,57727c2eedc2cb3880e39405,love,positive
90,57727c2eedc2cb3880e39405,optimism,positive
90,57727c2eedc2cb3880e39405,arrogance,negative
90,57727c2eedc2cb3880e39405,regret,negative
90,57727c2eedc2cb3880e39405,agreeableness,mixed
90,57727c2eedc2cb3880e39405,anticipation,mixed
42,57727c2eedc2cb3880e39405,trust,positive
42,57727c2eedc2cb3880e39405,gratitude,positive
42,57727c2eedc2cb3880e39405,optimism,positive
7,57727c2eedc2cb3880e39405,humility,positive
6,57727c88edc2cb3880e4be65,trust,positive
3,57727c88edc2cb3880e4be65,trust,positive
3,57727c88edc2cb3880e4be65,love,positive
69,57727c88edc2cb3880e4be65,humility,positive
69,57727c88edc2cb3880e4be65,arrogance,negative
40,57727c88edc2cb3880e4be65,love,positive
45,57727c88edc2cb3880e4be65,love,positive
43,57727c88edc2cb3880e4be65,trust,positive
109,57727c88edc2cb3880e4be65,trust,positive
22,57727c88edc2cb3880e4be65,happiness,positive
33,57727c88edc2cb3880e4be65,trust,positive
33,57727c88edc2cb3880e4be65,optimism,positive
33,57727c88edc2cb3880e4be65,fear,negative
9,57727c88edc2cb3880e4be65,love,positive
25,57727c88edc2cb3880e4be65,trust,positive
6,57727015edc2cb3880bceb08,gratitude,positive
6,57727015edc2cb3880bceb08,humility,positive
6,57727015edc2cb3880bceb08,happiness,positive
69,57727015edc2cb3880bceb08,humility,positive
9,57727015edc2cb3880bceb08,sadness,negative
114,57727015edc2cb3880bceb08,gratitude,positive
38,57727015edc2cb3880bceb08,humility,positive
38,57727015edc2cb3880bceb08,happiness,positive
33,57727015edc2cb3880bceb08,happiness,positive
33,57727015edc2cb3880bceb08,love,positive
33,57727015edc2cb3880bceb08,optimism,positive
203,57727015edc2cb3880bceb08,sadness,negative
203,57727015edc2cb3880bceb08,shyness,mixed
43,57727015edc2cb3880bceb08,sadness,negative
3,57727015edc2cb3880bceb08,happiness,positive
183,57727015edc2cb3880bceb08,love,positive
67,57727015edc2cb3880bceb08,gratitude,positive
67,57727015edc2cb3880bceb08,humility,positive
67,57727015edc2cb3880bceb08,disgust,negative
67,57727015edc2cb3880bceb08,regret,negative
67,57727015edc2cb3880bceb08,sadness,negative
67,57727015edc2cb3880bceb08,anticipation,mixed
67,57727015edc2cb3880bceb08,surprise,mixed
22,57727015edc2cb3880bceb08,anticipation,mixed
1,57727015edc2cb3880bceb08,sadness,negative
33,5772700eedc2cb3880bc836e,anger,negative
33,5772700eedc2cb3880bc836e,fear,negative
58,5772700eedc2cb3880bc836e,trust,positive
58,5772700eedc2cb3880bc836e,fear,negative
58,5772700eedc2cb3880bc836e,anticipation,mixed
77,5772700eedc2cb3880bc836e,fear,negative
103,5772700eedc2cb3880bc836e,anger,negative
103,5772700eedc2cb3880bc836e,disgust,negative
103,5772700eedc2cb3880bc836e,fear,negative
102,5772700eedc2cb3880bc836e,sadness,negative
102,5772700eedc2cb3880bc836e,shame,negative
102,5772700eedc2cb3880bc836e,disagreeableness,mixed
99,5772700eedc2cb3880bc836e,disgust,negative
99,5772700eedc2cb3880bc836e,disagreeableness,mixed
86,5772700eedc2cb3880bc836e,anger,negative
84,5772700eedc2cb3880bc836e,anger,negative
50,5772700eedc2cb3880bc836e,anger,negative
50,5772700eedc2cb3880bc836e,sadness,negative
50,5772700eedc2cb3880bc836e,disagreeableness,mixed
87,5772700eedc2cb3880bc836e,anger,negative
8,5772700eedc2cb3880bc836e,trust,positive
8,5772700eedc2cb3880bc836e,happiness,positive
8,5772700eedc2cb3880bc836e,anger,negative
8,5772700eedc2cb3880bc836e,fear,negative
8,5772700eedc2cb3880bc836e,pessimism,negative
8,5772700eedc2cb3880bc836e,regret,negative
8,5772700eedc2cb3880bc836e,anticipation,mixed
8,5772700eedc2cb3880bc836e,surprise,mixed
24,57726f56edc2cb3880ba7233,humility,positive
24,57726f56edc2cb3880ba7233,happiness,positive
26,57726f56edc2cb3880ba7233,gratitude,positive
26,57726f56edc2cb3880ba7233,humility,positive
132,57726f56edc2cb3880ba7233,humility,positive
60,57726f56edc2cb3880ba7233,humility,positive
60,57726f56edc2cb3880ba7233,happiness,positive
170,57726f56edc2cb3880ba7233,fear,negative
170,57726f56edc2cb3880ba7233,sadness,negative
36,57726f56edc2cb3880ba7233,sadness,negative
5,57726f56edc2cb3880ba7233,happiness,positive
5,57726f56edc2cb3880ba7233,love,positive
5,57726f56edc2cb3880ba7233,optimism,positive
133,57726f56edc2cb3880ba7233,trust,positive
133,57726f56edc2cb3880ba7233,gratitude,positive
133,57726f56edc2cb3880ba7233,optimism,positive
134,57726f56edc2cb3880ba7233,trust,positive
134,57726f56edc2cb3880ba7233,humility,positive
58,57726f56edc2cb3880ba7233,optimism,positive
56,57726f56edc2cb3880ba7233,anticipation,mixed
5,57727015edc2cb3880bceb08,humility,positive
5,57727015edc2cb3880bceb08,sadness,negative
13,57727015edc2cb3880bceb08,sadness,negative
193,57727015edc2cb3880bceb08,sadness,negative
17,57727015edc2cb3880bceb08,humility,positive
140,57727015edc2cb3880bceb08,trust,positive
20,57727015edc2cb3880bceb08,sadness,negative
51,57727015edc2cb3880bceb08,sadness,negative
19,57727015edc2cb3880bceb08,sadness,negative
6,57727015edc2cb3880bceb08,trust,positive
87,57727015edc2cb3880bceb08,sadness,negative
30,57727015edc2cb3880bceb08,happiness,positive
43,57727015edc2cb3880bceb08,trust,positive
43,57727015edc2cb3880bceb08,humility,positive
46,57727015edc2cb3880bceb08,trust,positive
40,57727015edc2cb3880bceb08,sadness,negative
8,57727015edc2cb3880bceb08,trust,positive
8,57727015edc2cb3880bceb08,happiness,positive
8,57727015edc2cb3880bceb08,love,positive
8,57727015edc2cb3880bceb08,anticipation,mixed
8,57727015edc2cb3880bceb08,surprise,mixed
121,57727015edc2cb3880bceb08,disgust,negative
49,57727015edc2cb3880bceb08,shyness,mixed
85,57727015edc2cb3880bceb08,sadness,negative
83,57727015edc2cb3880bceb08,optimism,positive
37,57727015edc2cb3880bceb08,sadness,negative
7,57727015edc2cb3880bceb08,humility,positive
28,57727015edc2cb3880bceb08,gratitude,positive
28,57727015edc2cb3880bceb08,happiness,positive
28,57727015edc2cb3880bceb08,love,positive
14,57727015edc2cb3880bceb08,happiness,positive
289,57727015edc2cb3880bceb08,disgust,negative
289,57727015edc2cb3880bceb08,agreeableness,mixed
298,57727015edc2cb3880bceb08,sadness,negative
81,57727015edc2cb3880bceb08,humility,positive
81,57727015edc2cb3880bceb08,happiness,positive
81,57727015edc2cb3880bceb08,sadness,negative
24,57727015edc2cb3880bceb08,happiness,positive
103,57727015edc2cb3880bceb08,trust,positive
103,57727015edc2cb3880bceb08,happiness,positive
103,57727015edc2cb3880bceb08,love,positive
103,57727015edc2cb3880bceb08,optimism,positive
103,57727015edc2cb3880bceb08,agreeableness,mixed
11,57727015edc2cb3880bceb08,gratitude,positive
11,57727015edc2cb3880bceb08,humility,positive
3,57727015edc2cb3880bceb08,disgust,negative
50,57727015edc2cb3880bceb08,humility,positive
79,57727015edc2cb3880bceb08,anticipation,mixed
58,57727015edc2cb3880bceb08,humility,positive
58,57727015edc2cb3880bceb08,optimism,positive
53,57727015edc2cb3880bceb08,humility,positive
37,577271fdedc2cb3880c384cc,trust,positive
94,577271fdedc2cb3880c384cc,trust,positive
96,577271fdedc2cb3880c384cc,trust,positive
53,577271fdedc2cb3880c384cc,trust,positive
98,577271fdedc2cb3880c384cc,humility,positive
1,577278d5edc2cb3880d94196,anticipation,mixed
66,577278d5edc2cb3880d94196,sadness,negative
4,577278d5edc2cb3880d94196,trust,positive
4,577278d5edc2cb3880d94196,fear,negative
3,577278d5edc2cb3880d94196,pessimism,negative
8,577278d5edc2cb3880d94196,regret,negative
33,577278d5edc2cb3880d94196,pessimism,negative
46,577278d5edc2cb3880d94196,disgust,negative
49,577278d5edc2cb3880d94196,fear,negative
49,577278d5edc2cb3880d94196,pessimism,negative
17,57727071edc2cb3880be3213,arrogance,negative
58,57727071edc2cb3880be3213,shyness,mixed
109,57727071edc2cb3880be3213,trust,positive
31,57727071edc2cb3880be3213,anticipation,mixed
31,57727071edc2cb3880be3213,surprise,mixed
83,57727071edc2cb3880be3213,humility,positive
40,57726f59edc2cb3880ba76b3,gratitude,positive
40,57726f59edc2cb3880ba76b3,humility,positive
43,57726f59edc2cb3880ba76b3,humility,positive
90,57726f59edc2cb3880ba76b3,gratitude,positive
90,57726f59edc2cb3880ba76b3,humility,positive
90,57726f59edc2cb3880ba76b3,optimism,positive
58,57726f59edc2cb3880ba76b3,anticipation,mixed
69,57727015edc2cb3880bceb08,trust,positive
33,57727015edc2cb3880bceb08,trust,positive
203,57727015edc2cb3880bceb08,anticipation,mixed
183,57727015edc2cb3880bceb08,happiness,positive
67,57727015edc2cb3880bceb08,happiness,positive
67,57727015edc2cb3880bceb08,fear,negative
67,57727015edc2cb3880bceb08,pessimism,negative
67,57727015edc2cb3880bceb08,disagreeableness,mixed
22,57727015edc2cb3880bceb08,happiness,positive
1,57727015edc2cb3880bceb08,trust,positive
83,57727cbaedc2cb3880e561f7,gratitude,positive
68,57727cbaedc2cb3880e561f7,trust,positive
68,57727cbaedc2cb3880e561f7,gratitude,positive
67,57727cbaedc2cb3880e561f7,gratitude,positive
67,57727cbaedc2cb3880e561f7,fear,negative
67,57727cbaedc2cb3880e561f7,pessimism,negative
67,57727cbaedc2cb3880e561f7,regret,negative
67,57727cbaedc2cb3880e561f7,surprise,mixed
192,57727cbaedc2cb3880e561f7,trust,positive
192,57727cbaedc2cb3880e561f7,agreeableness,mixed
29,57727cbaedc2cb3880e561f7,trust,positive
20,57727cbaedc2cb3880e561f7,fear,negative
38,57727cbaedc2cb3880e561f7,optimism,positive
243,57727cbaedc2cb3880e561f7,shame,negative
46,57727cbaedc2cb3880e561f7,regret,negative
6,57727cbaedc2cb3880e561f7,trust,positive
112,57727cbaedc2cb3880e561f7,anticipation,mixed
117,57727cbaedc2cb3880e561f7,happiness,positive
5,57727cbaedc2cb3880e561f7,anticipation,mixed
143,57727cbaedc2cb3880e561f7,disgust,negative
31,57727cbaedc2cb3880e561f7,trust,positive
31,57727cbaedc2cb3880e561f7,shame,negative
207,57727cbaedc2cb3880e561f7,trust,positive
207,57727cbaedc2cb3880e561f7,humility,positive
207,57727cbaedc2cb3880e561f7,optimism,positive
207,57727cbaedc2cb3880e561f7,agreeableness,mixed
141,57727cbaedc2cb3880e561f7,fear,negative
17,57727cbaedc2cb3880e561f7,anticipation,mixed
165,57727cbaedc2cb3880e561f7,shame,negative
43,57727cbaedc2cb3880e561f7,trust,positive
43,57727cbaedc2cb3880e561f7,gratitude,positive
231,57727cbaedc2cb3880e561f7,disgust,negative
11,57727cbaedc2cb3880e561f7,trust,positive
11,57727cbaedc2cb3880e561f7,fear,negative
11,57727cbaedc2cb3880e561f7,anticipation,mixed
259,57727cbaedc2cb3880e561f7,fear,negative
3,57727cbaedc2cb3880e561f7,fear,negative
164,57727cbaedc2cb3880e561f7,humility,positive
164,57727cbaedc2cb3880e561f7,regret,negative
300,57727cbaedc2cb3880e561f7,optimism,positive
63,57727cbaedc2cb3880e561f7,fear,negative
103,57727cbaedc2cb3880e561f7,disgust,negative
57,57727cbaedc2cb3880e561f7,humility,positive
301,57727cbaedc2cb3880e561f7,pessimism,negative
27,57727cbaedc2cb3880e561f7,anticipation,mixed
27,57727cbaedc2cb3880e561f7,surprise,mixed
246,57727cbaedc2cb3880e561f7,trust,positive
106,57727cbaedc2cb3880e561f7,fear,negative
106,57727cbaedc2cb3880e561f7,pessimism,negative
106,57727cbaedc2cb3880e561f7,sadness,negative
106,57727cbaedc2cb3880e561f7,shame,negative
106,57727cbaedc2cb3880e561f7,disagreeableness,mixed
60,57727cbaedc2cb3880e561f7,gratitude,positive
60,57727cbaedc2cb3880e561f7,agreeableness,mixed
80,57727cbaedc2cb3880e561f7,anticipation,mixed
225,57727cbaedc2cb3880e561f7,disgust,negative
225,57727cbaedc2cb3880e561f7,disagreeableness,mixed
225,57727cbaedc2cb3880e561f7,surprise,mixed
214,57727cbaedc2cb3880e561f7,happiness,positive
64,57726f59edc2cb3880ba76b3,optimism,positive
71,57726f59edc2cb3880ba76b3,anticipation,mixed
129,57726f59edc2cb3880ba76b3,humility,positive
33,57726f59edc2cb3880ba76b3,anger,negative
33,57726f59edc2cb3880ba76b3,arrogance,negative
69,57726f59edc2cb3880ba76b3,humility,positive
131,57726f59edc2cb3880ba76b3,disagreeableness,mixed
22,57726f59edc2cb3880ba76b3,happiness,positive
59,57726f59edc2cb3880ba76b3,happiness,positive
8,57726f59edc2cb3880ba76b3,humility,positive
16,57726f59edc2cb3880ba76b3,surprise,mixed
67,57726f59edc2cb3880ba76b3,gratitude,positive
67,57726f59edc2cb3880ba76b3,fear,negative
67,57726f59edc2cb3880ba76b3,disagreeableness,mixed
262,57726f59edc2cb3880ba76b3,anger,negative
262,57726f59edc2cb3880ba76b3,fear,negative
46,57726f59edc2cb3880ba76b3,optimism,positive
221,57726f59edc2cb3880ba76b3,optimism,positive
149,57726f59edc2cb3880ba76b3,shyness,mixed
275,57726f59edc2cb3880ba76b3,love,positive
4,57726f59edc2cb3880ba76b3,humility,positive
119,57726f59edc2cb3880ba76b3,love,positive
10,57726f59edc2cb3880ba76b3,disgust,negative
306,57726f59edc2cb3880ba76b3,agreeableness,mixed
306,57726f59edc2cb3880ba76b3,disagreeableness,mixed
306,57726f59edc2cb3880ba76b3,anticipation,mixed
144,57726f59edc2cb3880ba76b3,fear,negative
144,57726f59edc2cb3880ba76b3,sadness,negative
50,57726f59edc2cb3880ba76b3,anticipation,mixed
288,57726f59edc2cb3880ba76b3,love,positive
103,57726f59edc2cb3880ba76b3,anticipation,mixed
40,57726f59edc2cb3880ba76b3,trust,positive
94,57726f59edc2cb3880ba76b3,anticipation,mixed
247,57726f59edc2cb3880ba76b3,anger,negative
202,57726f59edc2cb3880ba76b3,happiness,positive
224,57726f59edc2cb3880ba76b3,love,positive
61,57726f59edc2cb3880ba76b3,shyness,mixed
15,57726f59edc2cb3880ba76b3,sadness,negative
178,57726f59edc2cb3880ba76b3,surprise,mixed
200,57726f59edc2cb3880ba76b3,humility,positive
200,57726f59edc2cb3880ba76b3,agreeableness,mixed
5,57727015edc2cb3880bceb08,trust,positive
13,57727015edc2cb3880bceb08,trust,positive
17,57727015edc2cb3880bceb08,trust,positive
17,57727015edc2cb3880bceb08,happiness,positive
17,57727015edc2cb3880bceb08,optimism,positive
140,57727015edc2cb3880bceb08,gratitude,positive
20,57727015edc2cb3880bceb08,trust,positive
20,57727015edc2cb3880bceb08,humility,positive
43,57727015edc2cb3880bceb08,happiness,positive
121,57727015edc2cb3880bceb08,trust,positive
85,57727015edc2cb3880bceb08,humility,positive
83,57727015edc2cb3880bceb08,trust,positive
83,57727015edc2cb3880bceb08,humility,positive
83,57727015edc2cb3880bceb08,love,positive
14,57727015edc2cb3880bceb08,trust,positive
289,57727015edc2cb3880bceb08,humility,positive
298,57727015edc2cb3880bceb08,humility,positive
81,57727015edc2cb3880bceb08,trust,positive
81,57727015edc2cb3880bceb08,agreeableness,mixed
24,57727015edc2cb3880bceb08,trust,positive
103,57727015edc2cb3880bceb08,anger,negative
103,57727015edc2cb3880bceb08,arrogance,negative
103,57727015edc2cb3880bceb08,fear,negative
103,57727015edc2cb3880bceb08,sadness,negative
11,57727015edc2cb3880bceb08,trust,positive
11,57727015edc2cb3880bceb08,happiness,positive
79,57727015edc2cb3880bceb08,sadness,negative
58,57727015edc2cb3880bceb08,sadness,negative
53,57727015edc2cb3880bceb08,trust,positive
11,57726f49edc2cb3880ba034f,arrogance,negative
11,57726f49edc2cb3880ba034f,pessimism,negative
11,57726f49edc2cb3880ba034f,shame,negative
109,57726f49edc2cb3880ba034f,surprise,mixed
79,57726f49edc2cb3880ba034f,fear,negative
26,57726f49edc2cb3880ba034f,shame,negative
103,57726f49edc2cb3880ba034f,humility,positive
103,57726f49edc2cb3880ba034f,arrogance,negative
103,57726f49edc2cb3880ba034f,pessimism,negative
103,57726f49edc2cb3880ba034f,disagreeableness,mixed
103,57726f49edc2cb3880ba034f,shyness,mixed
171,57726f49edc2cb3880ba034f,disgust,negative
84,57726f49edc2cb3880ba034f,disgust,negative
98,57726f49edc2cb3880ba034f,anger,negative
98,57726f49edc2cb3880ba034f,arrogance,negative
143,57726fffedc2cb3880bc69d6,happiness,positive
33,57726fffedc2cb3880bc69d6,arrogance,negative
63,57726fffedc2cb3880bc69d6,sadness,negative
46,57726fffedc2cb3880bc69d6,trust,positive
46,57726fffedc2cb3880bc69d6,disagreeableness,mixed
45,57726fffedc2cb3880bc69d6,anger,negative
45,57726fffedc2cb3880bc69d6,sadness,negative
18,57726f78edc2cb3880baa755,fear,negative
18,57726f78edc2cb3880baa755,disagreeableness,mixed
94,57726f78edc2cb3880baa755,humility,positive
20,57726f78edc2cb3880baa755,trust,positive
40,57726f78edc2cb3880baa755,gratitude,positive
50,57726f78edc2cb3880baa755,anticipation,mixed
50,57726f78edc2cb3880baa755,surprise,mixed
3,57726f78edc2cb3880baa755,fear,negative
96,57726f78edc2cb3880baa755,optimism,positive
96,57726f78edc2cb3880baa755,fear,negative
96,57726f78edc2cb3880baa755,shyness,mixed
58,57726f78edc2cb3880baa755,trust,positive
58,57726f78edc2cb3880baa755,pessimism,negative
58,57726f78edc2cb3880baa755,sadness,negative
65,57726f76edc2cb3880baa425,optimism,positive
67,57726f76edc2cb3880baa425,happiness,positive
67,57726f76edc2cb3880baa425,pessimism,negative
67,57726f76edc2cb3880baa425,surprise,mixed
64,57726f76edc2cb3880baa425,trust,positive
64,57726f76edc2cb3880baa425,fear,negative
172,57726f76edc2cb3880baa425,disgust,negative
36,57726f76edc2cb3880baa425,pessimism,negative
36,57726f76edc2cb3880baa425,sadness,negative
27,57726f76edc2cb3880baa425,surprise,mixed
154,5772752eedc2cb3880cd9f38,sadness,negative
109,5772752eedc2cb3880cd9f38,shame,negative
151,5772752eedc2cb3880cd9f38,surprise,mixed
3,5772752eedc2cb3880cd9f38,optimism,positive
67,5772752eedc2cb3880cd9f38,arrogance,negative
67,5772752eedc2cb3880cd9f38,pessimism,negative
67,5772752eedc2cb3880cd9f38,shyness,mixed
29,5772752eedc2cb3880cd9f38,trust,positive
3,57727c95edc2cb3880e4d1d4,optimism,positive
69,57727c88edc2cb3880e4be65,love,positive
43,57727c88edc2cb3880e4be65,love,positive
109,57727c88edc2cb3880e4be65,love,positive
33,57727c88edc2cb3880e4be65,gratitude,positive
33,57727c88edc2cb3880e4be65,sadness,negative
33,57727c88edc2cb3880e4be65,shame,negative
11,57726e45edc2cb3880b69781,regret,negative
18,57726e45edc2cb3880b69781,sadness,negative
140,57726e45edc2cb3880b69781,anger,negative
44,57726e45edc2cb3880b69781,shame,negative
16,57726e45edc2cb3880b69781,fear,negative
48,57726e45edc2cb3880b69781,sadness,negative
18,57727015edc2cb3880bceb28,sadness,negative
83,57727015edc2cb3880bceb28,sadness,negative
29,57727015edc2cb3880bceb28,surprise,mixed
149,57727015edc2cb3880bceb28,optimism,positive
15,57727015edc2cb3880bceb28,humility,positive
33,577278cdedc2cb3880d9370c,trust,positive
49,577278cdedc2cb3880d9370c,trust,positive
16,577278cdedc2cb3880d9370c,trust,positive
90,577278cdedc2cb3880d9370c,trust,positive
90,577278cdedc2cb3880d9370c,humility,positive
90,577278cdedc2cb3880d9370c,regret,negative
90,577278cdedc2cb3880d9370c,disagreeableness,mixed
164,577278cdedc2cb3880d9370c,sadness,negative
176,577278cdedc2cb3880d9370c,trust,positive
28,577278cdedc2cb3880d9370c,gratitude,positive
67,57727c95edc2cb3880e4d1d4,humility,positive
67,57727c95edc2cb3880e4d1d4,love,positive
67,57727c95edc2cb3880e4d1d4,pessimism,negative
29,57727c95edc2cb3880e4d1d4,humility,positive
149,57727c95edc2cb3880e4d1d4,happiness,positive
20,57727c95edc2cb3880e4d1d4,humility,positive
81,57727c95edc2cb3880e4d1d4,trust,positive
81,57727c95edc2cb3880e4d1d4,happiness,positive
58,57727c95edc2cb3880e4d1d4,happiness,positive
58,57727c95edc2cb3880e4d1d4,fear,negative
58,57727c95edc2cb3880e4d1d4,agreeableness,mixed
31,57727c95edc2cb3880e4d1d4,love,positive
31,57727c95edc2cb3880e4d1d4,optimism,positive
90,57727c95edc2cb3880e4d1d4,agreeableness,mixed
197,57727c95edc2cb3880e4d1d4,gratitude,positive
43,57727c95edc2cb3880e4d1d4,humility,positive
43,57727c95edc2cb3880e4d1d4,happiness,positive
16,57727c95edc2cb3880e4d1d4,happiness,positive
103,57727c95edc2cb3880e4d1d4,fear,negative
103,57727c95edc2cb3880e4d1d4,sadness,negative
83,57727c95edc2cb3880e4d1d4,love,positive
50,57727c95edc2cb3880e4d1d4,happiness,positive
37,57727c95edc2cb3880e4d1d4,gratitude,positive
37,57727c95edc2cb3880e4d1d4,love,positive
101,57727c95edc2cb3880e4d1d4,humility,positive
6,57726f4cedc2cb3880ba07ed,trust,positive
46,57726f4cedc2cb3880ba07ed,arrogance,negative
49,57726f4cedc2cb3880ba07ed,humility,positive
5,57726e34edc2cb3880b62340,trust,positive
7,57726e34edc2cb3880b62340,trust,positive
171,57726e34edc2cb3880b62340,love,positive
199,57726e34edc2cb3880b62340,happiness,positive
94,57727d5cedc2cb3880e751a0,love,positive
43,57727d5cedc2cb3880e751a0,happiness,positive
171,57727d5cedc2cb3880e751a0,love,positive
149,57727d5cedc2cb3880e751a0,love,positive
50,57727d5cedc2cb3880e751a0,love,positive
33,5772700eedc2cb3880bc836e,optimism,positive
58,5772700eedc2cb3880bc836e,optimism,positive
58,5772700eedc2cb3880bc836e,arrogance,negative
103,5772700eedc2cb3880bc836e,trust,positive
103,5772700eedc2cb3880bc836e,optimism,positive
103,5772700eedc2cb3880bc836e,surprise,mixed
102,5772700eedc2cb3880bc836e,trust,positive
99,5772700eedc2cb3880bc836e,anger,negative
86,5772700eedc2cb3880bc836e,fear,negative
50,5772700eedc2cb3880bc836e,disgust,negative
8,5772700eedc2cb3880bc836e,arrogance,negative
36,57726f4fedc2cb3880ba0b6d,disgust,negative
159,57726f4fedc2cb3880ba0b6d,anger,negative
91,57726f4fedc2cb3880ba0b6d,anger,negative
38,57726f4fedc2cb3880ba0b6d,disgust,negative
92,57726f4fedc2cb3880ba0b6d,arrogance,negative
92,57726f4fedc2cb3880ba0b6d,disgust,negative
92,57726f4fedc2cb3880ba0b6d,anticipation,mixed
8,57727d14edc2cb3880e6926e,love,positive
37,57727d14edc2cb3880e6926e,trust,positive
28,57727d14edc2cb3880e6926e,happiness,positive
55,57727d14edc2cb3880e6926e,humility,positive
55,57727d14edc2cb3880e6926e,happiness,positive
55,57727d14edc2cb3880e6926e,love,positive
55,57727d14edc2cb3880e6926e,optimism,positive
43,57727d14edc2cb3880e6926e,gratitude,positive
107,57727d14edc2cb3880e6926e,gratitude,positive
83,57727d14edc2cb3880e6926e,trust,positive
83,57727d14edc2cb3880e6926e,optimism,positive
8,57727c2eedc2cb3880e392f5,fear,negative
1,57727c2eedc2cb3880e392f5,disgust,negative
59,57727c2eedc2cb3880e392f5,happiness,positive
10,57727c2eedc2cb3880e392f5,trust,positive
10,57727c2eedc2cb3880e392f5,optimism,positive
84,57727c2eedc2cb3880e392f5,humility,positive
45,57727c2eedc2cb3880e392f5,trust,positive
77,57727c2eedc2cb3880e392f5,love,positive
60,57726f56edc2cb3880ba7233,trust,positive
60,57726f56edc2cb3880ba7233,gratitude,positive
170,57726f56edc2cb3880ba7233,pessimism,negative
36,57726f56edc2cb3880ba7233,trust,positive
134,57726f56edc2cb3880ba7233,optimism,positive
58,57726f56edc2cb3880ba7233,trust,positive
58,57726f56edc2cb3880ba7233,humility,positive
99,57727016edc2cb3880bceb88,disagreeableness,mixed
46,57727016edc2cb3880bceb88,trust,positive
59,57727016edc2cb3880bceb88,humility,positive
37,57727c2eedc2cb3880e39405,optimism,positive
43,57727c2eedc2cb3880e39405,trust,positive
44,57727c2eedc2cb3880e39405,gratitude,positive
44,57727c2eedc2cb3880e39405,happiness,positive
90,57727c2eedc2cb3880e39405,surprise,mixed
90,57727c2eedc2cb3880e39405,shyness,mixed
117,57726e37edc2cb3880b628ee,pessimism,negative
175,57726e37edc2cb3880b628ee,anger,negative
175,57726e37edc2cb3880b628ee,agreeableness,mixed
175,57726e37edc2cb3880b628ee,surprise,mixed
29,57726e37edc2cb3880b628ee,shame,negative
25,57726e37edc2cb3880b628ee,optimism,positive
8,57726e37edc2cb3880b628ee,agreeableness,mixed
8,57726e37edc2cb3880b628ee,disagreeableness,mixed
11,57726e37edc2cb3880b628ee,anger,negative
11,57726e37edc2cb3880b628ee,disgust,negative
33,5772700eedc2cb3880bc82ce,trust,positive
162,5772700eedc2cb3880bc82ce,fear,negative
162,5772700eedc2cb3880bc82ce,regret,negative
135,5772700eedc2cb3880bc82ce,optimism,positive
194,5772700eedc2cb3880bc82ce,humility,positive
194,5772700eedc2cb3880bc82ce,love,positive
194,5772700eedc2cb3880bc82ce,optimism,positive
7,5772700eedc2cb3880bc82ce,trust,positive
116,5772700eedc2cb3880bc82ce,trust,positive
141,5772700eedc2cb3880bc82ce,pessimism,negative
40,57726f77edc2cb3880baa4c5,gratitude,positive
40,57726f77edc2cb3880baa4c5,love,positive
40,57726f77edc2cb3880baa4c5,optimism,positive
38,57726f77edc2cb3880baa4c5,happiness,positive
29,57726f77edc2cb3880baa4c5,trust,positive
91,57726f77edc2cb3880baa4c5,humility,positive
6,57726f4cedc2cb3880ba07ed,anticipation,mixed
49,57726f4cedc2cb3880ba07ed,other,mixed
51,57727016edc2cb3880bceb88,anticipation,mixed
38,57727016edc2cb3880bceb88,anticipation,mixed
103,57727016edc2cb3880bceb88,optimism,positive
46,57727016edc2cb3880bceb88,disagreeableness,mixed
43,57727016edc2cb3880bceb88,fear,negative
29,57727c95edc2cb3880e4d1d4,arrogance,negative
129,57727c95edc2cb3880e4d1d4,trust,positive
129,57727c95edc2cb3880e4d1d4,gratitude,positive
129,57727c95edc2cb3880e4d1d4,optimism,positive
9,57727c95edc2cb3880e4d1d4,humility,positive
45,57727c95edc2cb3880e4d1d4,happiness,positive
30,57727cbaedc2cb3880e561f7,happiness,positive
10,57727cbaedc2cb3880e561f7,anticipation,mixed
8,57727cbaedc2cb3880e561f7,agreeableness,mixed
131,57727cbaedc2cb3880e561f7,trust,positive
15,57727cbaedc2cb3880e561f7,anticipation,mixed
138,57727cbaedc2cb3880e561f7,surprise,mixed
33,57727cbaedc2cb3880e561f7,anticipation,mixed
56,57726e34edc2cb3880b62340,optimism,positive
37,57726e34edc2cb3880b62340,other,mixed
11,57726e34edc2cb3880b62340,surprise,mixed
46,57726e34edc2cb3880b62340,disgust,negative
15,57726e34edc2cb3880b62340,anticipation,mixed
199,57726e34edc2cb3880b62340,anticipation,mixed
51,57727015edc2cb3880bceb28,sadness,negative
127,57727015edc2cb3880bceb28,optimism,positive
29,57727015edc2cb3880bceb28,humility,positive
149,57727015edc2cb3880bceb28,happiness,positive
149,57727015edc2cb3880bceb28,love,positive
15,57727015edc2cb3880bceb28,anticipation,mixed
110,57727015edc2cb3880bceb28,sadness,negative
64,57727cbaedc2cb3880e561f7,trust,positive
68,57727cbaedc2cb3880e561f7,happiness,positive
68,57727cbaedc2cb3880e561f7,love,positive
36,57727cbaedc2cb3880e561f7,trust,positive
67,57727cbaedc2cb3880e561f7,happiness,positive
67,57727cbaedc2cb3880e561f7,disgust,negative
21,57727cbaedc2cb3880e561f7,happiness,positive
192,57727cbaedc2cb3880e561f7,gratitude,positive
29,57727cbaedc2cb3880e561f7,fear,negative
20,57727cbaedc2cb3880e561f7,anticipation,mixed
177,57727cbaedc2cb3880e561f7,agreeableness,mixed
243,57727cbaedc2cb3880e561f7,anger,negative
112,57727cbaedc2cb3880e561f7,disagreeableness,mixed
219,57727cbaedc2cb3880e561f7,trust,positive
117,57727cbaedc2cb3880e561f7,surprise,mixed
22,57727cbaedc2cb3880e561f7,optimism,positive
143,57727cbaedc2cb3880e561f7,trust,positive
24,57727cbaedc2cb3880e561f7,anticipation,mixed
207,57727cbaedc2cb3880e561f7,anticipation,mixed
141,57727cbaedc2cb3880e561f7,optimism,positive
193,57727cbaedc2cb3880e561f7,agreeableness,mixed
193,57727cbaedc2cb3880e561f7,disagreeableness,mixed
193,57727cbaedc2cb3880e561f7,surprise,mixed
193,57727cbaedc2cb3880e561f7,shyness,mixed
17,57727cbaedc2cb3880e561f7,trust,positive
43,57727cbaedc2cb3880e561f7,anticipation,mixed
43,57727cbaedc2cb3880e561f7,surprise,mixed
231,57727cbaedc2cb3880e561f7,optimism,positive
32,57727cbaedc2cb3880e561f7,shyness,mixed
259,57727cbaedc2cb3880e561f7,trust,positive
26,57727cbaedc2cb3880e561f7,trust,positive
3,57727cbaedc2cb3880e561f7,disgust,negative
164,57727cbaedc2cb3880e561f7,fear,negative
300,57727cbaedc2cb3880e561f7,trust,positive
103,57727cbaedc2cb3880e561f7,trust,positive
103,57727cbaedc2cb3880e561f7,optimism,positive
50,57727cbaedc2cb3880e561f7,trust,positive
301,57727cbaedc2cb3880e561f7,anticipation,mixed
106,57727cbaedc2cb3880e561f7,happiness,positive
84,57727cbaedc2cb3880e561f7,anticipation,mixed
67,57727c95edc2cb3880e4d1d4,disgust,negative
67,57727c95edc2cb3880e4d1d4,disagreeableness,mixed
67,57727c95edc2cb3880e4d1d4,surprise,mixed
51,57727c95edc2cb3880e4d1d4,shyness,mixed
29,57727c95edc2cb3880e4d1d4,happiness,positive
4,57727c95edc2cb3880e4d1d4,gratitude,positive
149,57727c95edc2cb3880e4d1d4,optimism,positive
21,57727c95edc2cb3880e4d1d4,happiness,positive
11,57727c95edc2cb3880e4d1d4,anticipation,mixed
11,57727c95edc2cb3880e4d1d4,surprise,mixed
26,57727c95edc2cb3880e4d1d4,optimism,positive
20,57727c95edc2cb3880e4d1d4,anticipation,mixed
58,57727c95edc2cb3880e4d1d4,anticipation,mixed
46,57727c95edc2cb3880e4d1d4,anticipation,mixed
6,57727c95edc2cb3880e4d1d4,anticipation,mixed
90,57727c95edc2cb3880e4d1d4,pessimism,negative
90,57727c95edc2cb3880e4d1d4,regret,negative
90,57727c95edc2cb3880e4d1d4,surprise,mixed
8,57727c95edc2cb3880e4d1d4,sadness,negative
197,57727c95edc2cb3880e4d1d4,anticipation,mixed
96,57727c95edc2cb3880e4d1d4,gratitude,positive
96,57727c95edc2cb3880e4d1d4,optimism,positive
96,57727c95edc2cb3880e4d1d4,anticipation,mixed
103,57727c95edc2cb3880e4d1d4,optimism,positive
136,57727c95edc2cb3880e4d1d4,happiness,positive
83,57727c95edc2cb3880e4d1d4,optimism,positive
56,57727c95edc2cb3880e4d1d4,happiness,positive
101,57727c95edc2cb3880e4d1d4,happiness,positive
79,57727c95edc2cb3880e4d1d4,anticipation,mixed
20,5772752eedc2cb3880cd9f38,anticipation,mixed
151,5772752eedc2cb3880cd9f38,fear,negative
151,5772752eedc2cb3880cd9f38,pessimism,negative
151,5772752eedc2cb3880cd9f38,disagreeableness,mixed
3,5772752eedc2cb3880cd9f38,pessimism,negative
3,5772752eedc2cb3880cd9f38,sadness,negative
205,5772752eedc2cb3880cd9f38,happiness,positive
19,5772752eedc2cb3880cd9f38,fear,negative
67,5772752eedc2cb3880cd9f38,agreeableness,mixed
29,5772752eedc2cb3880cd9f38,surprise,mixed
9,57727015edc2cb3880bceb08,happiness,positive
183,57727015edc2cb3880bceb08,trust,positive
67,57727015edc2cb3880bceb08,love,positive
67,57727015edc2cb3880bceb08,optimism,positive
1,57727015edc2cb3880bceb08,anticipation,mixed
58,5772700eedc2cb3880bc836e,gratitude,positive
102,5772700eedc2cb3880bc836e,anticipation,mixed
86,5772700eedc2cb3880bc836e,trust,positive
5,57727015edc2cb3880bceb08,arrogance,negative
5,57727015edc2cb3880bceb08,anticipation,mixed
193,57727015edc2cb3880bceb08,humility,positive
17,57727015edc2cb3880bceb08,anticipation,mixed
51,57727015edc2cb3880bceb08,trust,positive
19,57727015edc2cb3880bceb08,other,mixed
40,57727015edc2cb3880bceb08,anticipation,mixed
8,57727015edc2cb3880bceb08,gratitude,positive
49,57727015edc2cb3880bceb08,other,mixed
85,57727015edc2cb3880bceb08,gratitude,positive
37,57727015edc2cb3880bceb08,other,mixed
28,57727015edc2cb3880bceb08,anticipation,mixed
289,57727015edc2cb3880bceb08,trust,positive
289,57727015edc2cb3880bceb08,happiness,positive
81,57727015edc2cb3880bceb08,optimism,positive
103,57727015edc2cb3880bceb08,gratitude,positive
50,57727015edc2cb3880bceb08,trust,positive
58,57727015edc2cb3880bceb08,arrogance,negative
3,57726fffedc2cb3880bc69d6,disgust,negative
48,57726fffedc2cb3880bc69d6,happiness,positive
143,57726fffedc2cb3880bc69d6,gratitude,positive
30,57726fffedc2cb3880bc69d6,surprise,mixed
15,57726fffedc2cb3880bc69d6,arrogance,negative
45,57726fffedc2cb3880bc69d6,fear,negative
89,57727c2eedc2cb3880e39405,anticipation,mixed
37,57727c2eedc2cb3880e39405,trust,positive
36,57727c2eedc2cb3880e39405,anticipation,mixed
26,57727c2eedc2cb3880e39405,trust,positive
90,57727c2eedc2cb3880e39405,disgust,negative
90,57727c2eedc2cb3880e39405,sadness,negative
69,57727c88edc2cb3880e4be65,happiness,positive
85,57727c2eedc2cb3880e392f5,anger,negative
37,57727c2eedc2cb3880e392f5,happiness,positive
37,57727c2eedc2cb3880e392f5,optimism,positive
18,57726e45edc2cb3880b69781,pessimism,negative
149,57726e45edc2cb3880b69781,pessimism,negative
140,57726e45edc2cb3880b69781,arrogance,negative
48,57726e45edc2cb3880b69781,happiness,positive
6,57726f77edc2cb3880baa4c5,anticipation,mixed
11,57726f77edc2cb3880baa4c5,optimism,positive
29,57726f77edc2cb3880baa4c5,optimism,positive
15,57726f77edc2cb3880baa4c5,happiness,positive
15,57726f77edc2cb3880baa4c5,optimism,positive
91,57726f77edc2cb3880baa4c5,love,positive
24,57726f77edc2cb3880baa4c5,happiness,positive
43,57726f77edc2cb3880baa4c5,trust,positive
43,57726f77edc2cb3880baa4c5,happiness,positive
95,577271fdedc2cb3880c384cc,optimism,positive
55,577271fdedc2cb3880c384cc,gratitude,positive
97,577271fdedc2cb3880c384cc,shyness,mixed
56,577271fdedc2cb3880c384cc,optimism,positive
98,577271fdedc2cb3880c384cc,love,positive
36,57726f4fedc2cb3880ba0b6d,pessimism,negative
20,57726f4fedc2cb3880ba0b6d,anticipation,mixed
8,57727071edc2cb3880be3213,arrogance,negative
110,57727071edc2cb3880be3213,trust,positive
110,57727071edc2cb3880be3213,gratitude,positive
31,57727071edc2cb3880be3213,arrogance,negative
109,57726f49edc2cb3880ba034f,trust,positive
103,57726f49edc2cb3880ba034f,sadness,negative
171,57726f49edc2cb3880ba034f,sadness,negative
56,57726f78edc2cb3880baa755,regret,negative
18,57726f78edc2cb3880baa755,shame,negative
18,57726f78edc2cb3880baa755,agreeableness,mixed
94,57726f78edc2cb3880baa755,fear,negative
40,57726f78edc2cb3880baa755,fear,negative
40,57726f78edc2cb3880baa755,pessimism,negative
96,57726f78edc2cb3880baa755,shame,negative
96,57726f78edc2cb3880baa755,anticipation,mixed
15,57726f78edc2cb3880baa755,fear,negative
15,57726f78edc2cb3880baa755,sadness,negative
8,57726f59edc2cb3880ba76b3,fear,negative
9,57726f59edc2cb3880ba76b3,humility,positive
90,57726f59edc2cb3880ba76b3,shame,negative
90,57726f59edc2cb3880ba76b3,disagreeableness,mixed
90,57726f59edc2cb3880ba76b3,shyness,mixed
77,57726f59edc2cb3880ba76b3,surprise,mixed
99,57726f59edc2cb3880ba76b3,humility,positive
58,57726f59edc2cb3880ba76b3,fear,negative
43,57727d5cedc2cb3880e751a0,other,mixed
149,57727d5cedc2cb3880e751a0,gratitude,positive
149,57727d5cedc2cb3880e751a0,agreeableness,mixed
149,57727d5cedc2cb3880e751a0,anticipation,mixed
50,57727d5cedc2cb3880e751a0,happiness,positive
3,577278cdedc2cb3880d9370c,disgust,negative
49,577278cdedc2cb3880d9370c,other,mixed
50,577278cdedc2cb3880d9370c,pessimism,negative
10,577278cdedc2cb3880d9370c,other,mixed
90,577278cdedc2cb3880d9370c,shame,negative
90,577278cdedc2cb3880d9370c,shyness,mixed
164,577278cdedc2cb3880d9370c,disagreeableness,mixed
164,577278cdedc2cb3880d9370c,surprise,mixed
28,577278cdedc2cb3880d9370c,anticipation,mixed
71,57726f59edc2cb3880ba76b3,happiness,positive
183,57726f59edc2cb3880ba76b3,gratitude,positive
205,57726f59edc2cb3880ba76b3,pessimism,negative
92,57726f59edc2cb3880ba76b3,disgust,negative
129,57726f59edc2cb3880ba76b3,anticipation,mixed
129,57726f59edc2cb3880ba76b3,surprise,mixed
6,57726f59edc2cb3880ba76b3,anticipation,mixed
6,57726f59edc2cb3880ba76b3,surprise,mixed
65,57726f59edc2cb3880ba76b3,humility,positive
131,57726f59edc2cb3880ba76b3,surprise,mixed
59,57726f59edc2cb3880ba76b3,humility,positive
136,57726f59edc2cb3880ba76b3,gratitude,positive
16,57726f59edc2cb3880ba76b3,sadness,negative
67,57726f59edc2cb3880ba76b3,humility,positive
67,57726f59edc2cb3880ba76b3,disgust,negative
67,57726f59edc2cb3880ba76b3,agreeableness,mixed
262,57726f59edc2cb3880ba76b3,other,mixed
46,57726f59edc2cb3880ba76b3,disgust,negative
17,57726f59edc2cb3880ba76b3,anticipation,mixed
221,57726f59edc2cb3880ba76b3,regret,negative
20,57726f59edc2cb3880ba76b3,anticipation,mixed
83,57726f59edc2cb3880ba76b3,optimism,positive
149,57726f59edc2cb3880ba76b3,agreeableness,mixed
149,57726f59edc2cb3880ba76b3,anticipation,mixed
275,57726f59edc2cb3880ba76b3,anticipation,mixed
119,57726f59edc2cb3880ba76b3,anticipation,mixed
49,57726f59edc2cb3880ba76b3,other,mixed
27,57726f59edc2cb3880ba76b3,anticipation,mixed
27,57726f59edc2cb3880ba76b3,surprise,mixed
45,57726f59edc2cb3880ba76b3,fear,negative
270,57726f59edc2cb3880ba76b3,fear,negative
14,57726f59edc2cb3880ba76b3,anticipation,mixed
56,57726f59edc2cb3880ba76b3,arrogance,negative
132,57726f59edc2cb3880ba76b3,anger,negative
53,57726f59edc2cb3880ba76b3,anticipation,mixed
247,57726f59edc2cb3880ba76b3,optimism,positive
99,57726f59edc2cb3880ba76b3,other,mixed
202,57726f59edc2cb3880ba76b3,sadness,negative
202,57726f59edc2cb3880ba76b3,shyness,mixed
36,57726f59edc2cb3880ba76b3,anticipation,mixed
81,57726f59edc2cb3880ba76b3,humility,positive
224,57726f59edc2cb3880ba76b3,happiness,positive
224,57726f59edc2cb3880ba76b3,fear,negative
178,57726f59edc2cb3880ba76b3,anticipation,mixed
200,57726f59edc2cb3880ba76b3,trust,positive
95,57726f59edc2cb3880ba76b3,agreeableness,mixed
277,57726f59edc2cb3880ba76b3,pessimism,negative
277,57726f59edc2cb3880ba76b3,regret,negative
6,577278d5edc2cb3880d94196,anticipation,mixed
33,577278d5edc2cb3880d94196,surprise,mixed
46,577278d5edc2cb3880d94196,anticipation,mixed
49,577278d5edc2cb3880d94196,anticipation,mixed
153,577278d5edc2cb3880d94196,love,positive
67,57726f76edc2cb3880baa425,humility,positive
67,57726f76edc2cb3880baa425,love,positive
67,57726f76edc2cb3880baa425,disgust,negative
67,57726f76edc2cb3880baa425,shyness,mixed
6,57726f76edc2cb3880baa425,anticipation,mixed
36,57726f76edc2cb3880baa425,fear,negative
7,57726f76edc2cb3880baa425,anticipation,mixed
117,57726e37edc2cb3880b628ee,surprise,mixed
40,57726e37edc2cb3880b628ee,happiness,positive
40,57726e37edc2cb3880b628ee,love,positive
40,57726e37edc2cb3880b628ee,optimism,positive
19,57726e37edc2cb3880b628ee,other,mixed
175,57726e37edc2cb3880b628ee,anticipation,mixed
29,57726e37edc2cb3880b628ee,anticipation,mixed
20,5772700eedc2cb3880bc82ce,trust,positive
73,5772700eedc2cb3880bc82ce,love,positive
3,5772700eedc2cb3880bc82ce,trust,positive
3,5772700eedc2cb3880bc82ce,happiness,positive
33,5772700eedc2cb3880bc82ce,anticipation,mixed
72,5772700eedc2cb3880bc82ce,surprise,mixed
162,5772700eedc2cb3880bc82ce,anticipation,mixed
27,5772700eedc2cb3880bc82ce,trust,positive
27,5772700eedc2cb3880bc82ce,love,positive
27,5772700eedc2cb3880bc82ce,optimism,positive
27,5772700eedc2cb3880bc82ce,anticipation,mixed
135,5772700eedc2cb3880bc82ce,happiness,positive
135,5772700eedc2cb3880bc82ce,surprise,mixed
194,5772700eedc2cb3880bc82ce,happiness,positive
22,5772700eedc2cb3880bc82ce,happiness,positive
141,5772700eedc2cb3880bc82ce,trust,positive
24,57726f56edc2cb3880ba7233,anticipation,mixed
26,57726f56edc2cb3880ba7233,happiness,positive
132,57726f56edc2cb3880ba7233,optimism,positive
170,57726f56edc2cb3880ba7233,optimism,positive
36,57726f56edc2cb3880ba7233,happiness,positive
133,57726f56edc2cb3880ba7233,happiness,positive
56,57726f56edc2cb3880ba7233,optimism,positive
